"Mês Ano";"Órgão Superior";"Órgão/Entidade Vinculada";"Unidade Gestora";"Área de atuação (Função)";"Subfunção";"Programa Orçamentário";"Ação Orçamentária";"Programa de Governo";"Autor Emenda";"Plano Orçamentário";"Grupo de Despesa";"Elemento de Despesa";"Modalidade de Despesa";"Valor Empenhado";"Valor Liquidado";"Valor Pago";"Valor Restos a Pagar Pagos";
"07/2020";"26000 - Ministério da Educação";"26271 - Fundação Universidade de Brasília";"154040 - FUNDACAO UNIVERSIDADE DE BRASILIA - FUB";"12 - Educação";"364 - Ensino superior";"5013 - EDUCACAO SUPERIOR - GRADUACAO, POS-GRADUACAO, ENSINO, PESQUI";"20RK - FUNCIONAMENTO DE INSTITUICOES FEDERAIS DE ENSINO SUPERIOR";"00 - NAO ATRIBUIDO";"0000";"0000 - FUNCIONAMENTO DE INSTITUICOES FEDERAIS DE ENSINO SUPERIOR - DESPESAS DIVERSAS";"4 - Investimentos";"51 - Obras e Instalações";"90 - Reserva de Contingência";"- 585.621,72";"3.420,00";"0,00";"0,00";
"07/2020";"26000 - Ministério da Educação";"26271 - Fundação Universidade de Brasília";"154040 - FUNDACAO UNIVERSIDADE DE BRASILIA - FUB";"12 - Educação";"331 - Proteção e benefícios ao trabalhador";"0032 - PROGRAMA DE GESTAO E MANUTENCAO DO PODER EXECUTIVO";"212B - BENEFICIOS OBRIGATORIOS AOS SERVIDORES CIVIS, EMPREGADOS, MILITARES E SEUS DEPENDENTES";"00 - NAO ATRIBUIDO";"0000";"0005 - AUXILIO-ALIMENTACAO DE CIVIS";"3 - Outras Despesas Correntes";"04 - Contratação por Tempo Determinado";"90 - Reserva de Contingência";"62.340,04";"57.780,86";"77.245,86";"0,00";
"07/2020";"26000 - Ministério da Educação";"26271 - Fundação Universidade de Brasília";"154040 - FUNDACAO UNIVERSIDADE DE BRASILIA - FUB";"12 - Educação";"364 - Ensino superior";"2080 - EDUCACAO DE QUALIDADE PARA TODOS";"8282 - REESTRUTURACAO E MODERNIZACAO DAS INSTITUICOES FEDERAIS DE ENSINO SUPERIOR";"00 - NAO ATRIBUIDO";"3755 - RONEY NEMER";"EIND - EMENDA INDIVIDUAL";"4 - Investimentos";"51 - Obras e Instalações";"90 - Reserva de Contingência";"0,00";"0,00";"0,00";"50.457,34";
"07/2020";"26000 - Ministério da Educação";"26271 - Fundação Universidade de Brasília";"154040 - FUNDACAO UNIVERSIDADE DE BRASILIA - FUB";"12 - Educação";"364 - Ensino superior";"5013 - EDUCACAO SUPERIOR - GRADUACAO, POS-GRADUACAO, ENSINO, PESQUI";"20RK - FUNCIONAMENTO DE INSTITUICOES FEDERAIS DE ENSINO SUPERIOR";"00 - NAO ATRIBUIDO";"0000";"0002 - FUNCIONAMENTO DOS HOSPITAIS VETERINARIOS";"3 - Outras Despesas Correntes";"39 - Outros Serviços de Terceiros - Pessoa Jurídica";"90 - Reserva de Contingência";"0,00";"654,00";"654,00";"0,00";
"07/2020";"26000 - Ministério da Educação";"26271 - Fundação Universidade de Brasília";"154040 - FUNDACAO UNIVERSIDADE DE BRASILIA - FUB";"12 - Educação";"364 - Ensino superior";"5013 - EDUCACAO SUPERIOR - GRADUACAO, POS-GRADUACAO, ENSINO, PESQUI";"8282 - REESTRUTURACAO E MODERNIZACAO DAS INSTITUICOES FEDERAIS DE ENSINO SUPERIOR";"00 - NAO ATRIBUIDO";"0000";"0000 - REESTRUTURACAO E MODERNIZACAO DAS INSTITUICOES FEDERAIS DE ENSINO SUPERIOR";"3 - Outras Despesas Correntes";"30 - Material de Consumo";"90 - Reserva de Contingência";"0,00";"0,00";"30.492,44";"0,00";
"07/2020";"26000 - Ministério da Educação";"26271 - Fundação Universidade de Brasília";"154040 - FUNDACAO UNIVERSIDADE DE BRASILIA - FUB";"12 - Educação";"364 - Ensino superior";"0032 - PROGRAMA DE GESTAO E MANUTENCAO DO PODER EXECUTIVO";"20TP - ATIVOS CIVIS DA UNIAO";"00 - NAO ATRIBUIDO";"0000";"0000 - ATIVOS CIVIS DA UNIAO";"1 - Pessoal e Encargos Sociais";"11 - Vencimentos e Vantagens Fixas - Pessoal Civil";"90 - Reserva de Contingência";"9.052.337,69";"10.813.816,46";"49.008.098,60";"0,00";
"07/2020";"26000 - Ministério da Educação";"26271 - Fundação Universidade de Brasília";"154040 - FUNDACAO UNIVERSIDADE DE BRASILIA - FUB";"12 - Educação";"364 - Ensino superior";"2080 - EDUCACAO DE QUALIDADE PARA TODOS";"20RK - FUNCIONAMENTO DE INSTITUICOES FEDERAIS DE ENSINO SUPERIOR";"00 - NAO ATRIBUIDO";"0000";"0000 - FUNCIONAMENTO DE INSTITUICOES FEDERAIS DE ENSINO SUPERIOR - DESPESAS DIVERSAS";"3 - Outras Despesas Correntes";"30 - Material de Consumo";"90 - Reserva de Contingência";"0,00";"0,00";"0,00";"19.709,11";
"07/2020";"26000 - Ministério da Educação";"26271 - Fundação Universidade de Brasília";"154040 - FUNDACAO UNIVERSIDADE DE BRASILIA - FUB";"04 - Administração";"128 - Formação de recursos humanos";"0032 - PROGRAMA DE GESTAO E MANUTENCAO DO PODER EXECUTIVO";"2250 - SELECAO, FORMACAO E DESENVOLVIMENTO DE PESSOAS";"00 - NAO ATRIBUIDO";"0000";"0000 - SELECAO, FORMACAO E DESENVOLVIMENTO DE PESSOAS";"3 - Outras Despesas Correntes";"36 - Outros Serviços de Terceiros - Pessoa Física";"90 - Reserva de Contingência";"126.457,89";"19.411,65";"0,00";"0,00";
"07/2020";"26000 - Ministério da Educação";"26271 - Fundação Universidade de Brasília";"154040 - FUNDACAO UNIVERSIDADE DE BRASILIA - FUB";"10 - Saúde";"305 - Vigilância epidemiológica ";"2015 - FORTALECIMENTO DO SISTEMA UNICO DE SAUDE (SUS)";"20YJ - FORTALECIMENTO DO SISTEMA NACIONAL DE VIGILANCIA EM SAUDE";"00 - NAO ATRIBUIDO";"0000";"0002 - SISTEMA NACIONAL DE VIGILANCIA EPIDEMIOLOGICA E CONTROLE DE DOENCAS";"3 - Outras Despesas Correntes";"36 - Outros Serviços de Terceiros - Pessoa Física";"90 - Reserva de Contingência";"0,00";"0,00";"0,00";"25.860,00";
"07/2020";"26000 - Ministério da Educação";"26271 - Fundação Universidade de Brasília";"154040 - FUNDACAO UNIVERSIDADE DE BRASILIA - FUB";"12 - Educação";"364 - Ensino superior";"2080 - EDUCACAO DE QUALIDADE PARA TODOS";"20RK - FUNCIONAMENTO DE INSTITUICOES FEDERAIS DE ENSINO SUPERIOR";"00 - NAO ATRIBUIDO";"0000";"0000 - FUNCIONAMENTO DE INSTITUICOES FEDERAIS DE ENSINO SUPERIOR - DESPESAS DIVERSAS";"3 - Outras Despesas Correntes";"18 - Auxílio Financeiro a Estudantes";"90 - Reserva de Contingência";"0,00";"0,00";"0,00";"272.365,00";
"07/2020";"26000 - Ministério da Educação";"26271 - Fundação Universidade de Brasília";"154040 - FUNDACAO UNIVERSIDADE DE BRASILIA - FUB";"12 - Educação";"128 - Formação de recursos humanos";"0032 - PROGRAMA DE GESTAO E MANUTENCAO DO PODER EXECUTIVO";"4572 - CAPACITACAO DE SERVIDORES PUBLICOS FEDERAIS EM PROCESSO DE QUALIFICACAO E REQUALIFICACAO";"00 - NAO ATRIBUIDO";"0000";"0000 - CAPACITACAO DE SERVIDORES PUBLICOS FEDERAIS EM PROCESSO DE QUALIFICACAO E REQUALIFICACAO";"3 - Outras Despesas Correntes";"36 - Outros Serviços de Terceiros - Pessoa Física";"90 - Reserva de Contingência";"0,00";"0,00";"49.221,64";"0,00";
"07/2020";"26000 - Ministério da Educação";"26271 - Fundação Universidade de Brasília";"154040 - FUNDACAO UNIVERSIDADE DE BRASILIA - FUB";"19 - Ciência e Tecnologia";"573 - Difusão do conhecimento científico e tecnológico";"2021 - CIENCIA, TECNOLOGIA E INOVACAO";"6702 - APOIO A PROJETOS E EVENTOS DE EDUCACAO, DIVULGACAO E POPULARIZACAO DA PESQUISA E DESENVOLVIMENTO";"00 - NAO ATRIBUIDO";"2826 - ERIKA KOKAY";"EIND - EMENDA INDIVIDUAL";"3 - Outras Despesas Correntes";"20 - Auxílio Financeiro a Pesquisadores";"90 - Reserva de Contingência";"0,00";"0,00";"0,00";"2.450,00";
"07/2020";"26000 - Ministério da Educação";"26271 - Fundação Universidade de Brasília";"154040 - FUNDACAO UNIVERSIDADE DE BRASILIA - FUB";"04 - Administração";"128 - Formação de recursos humanos";"0032 - PROGRAMA DE GESTAO E MANUTENCAO DO PODER EXECUTIVO";"2250 - SELECAO, FORMACAO E DESENVOLVIMENTO DE PESSOAS";"00 - NAO ATRIBUIDO";"0000";"0000 - SELECAO, FORMACAO E DESENVOLVIMENTO DE PESSOAS";"3 - Outras Despesas Correntes";"39 - Outros Serviços de Terceiros - Pessoa Jurídica";"90 - Reserva de Contingência";"22.429,40";"0,00";"0,00";"0,00";
"07/2020";"26000 - Ministério da Educação";"26271 - Fundação Universidade de Brasília";"154040 - FUNDACAO UNIVERSIDADE DE BRASILIA - FUB";"04 - Administração";"125 - Normatização e fiscalização";"2201 - BRASIL MODERNIZA";"217Z - GESTAO DO SISTEMA NACIONAL DE CERTIFICACAO DIGITAL DA INFRAESTRUTURA DE CHAVES PUBLICAS - ICP - BRASIL E DE OUTRAS TECNOLOGIAS DE SEGURANCA DA INFORMACAO E IDENTIFICACAO DIGITAL";"00 - NAO ATRIBUIDO";"0000";"0004 - GESTAO DE INFRAESTRUTURA DE CHAVES PUBLICAS";"3 - Outras Despesas Correntes";"39 - Outros Serviços de Terceiros - Pessoa Jurídica";"90 - Reserva de Contingência";"2.212,05";"0,00";"0,00";"0,00";
"07/2020";"26000 - Ministério da Educação";"26271 - Fundação Universidade de Brasília";"154040 - FUNDACAO UNIVERSIDADE DE BRASILIA - FUB";"12 - Educação";"364 - Ensino superior";"5013 - EDUCACAO SUPERIOR - GRADUACAO, POS-GRADUACAO, ENSINO, PESQUI";"20RK - FUNCIONAMENTO DE INSTITUICOES FEDERAIS DE ENSINO SUPERIOR";"00 - NAO ATRIBUIDO";"4082 - LEILA BARROS";"0000 - FUNCIONAMENTO DE INSTITUICOES FEDERAIS DE ENSINO SUPERIOR - DESPESAS DIVERSAS";"3 - Outras Despesas Correntes";"39 - Outros Serviços de Terceiros - Pessoa Jurídica";"90 - Reserva de Contingência";"600.000,00";"0,00";"0,00";"0,00";
"07/2020";"26000 - Ministério da Educação";"26271 - Fundação Universidade de Brasília";"154040 - FUNDACAO UNIVERSIDADE DE BRASILIA - FUB";"06 - Segurança pública";"181 - Policiamento";"5016 - SEGURANCA PUBLICA, COMBATE A CORRUPCAO, AO CRIME ORGANIZADO";"21BQ - IMPLEMENTACAO DE POLITICAS DE SEGURANCA PUBLICA, PREVENCAO, E ENFRENTAMENTO A CRIMINALIDADE";"00 - NAO ATRIBUIDO";"8100 - RELATOR GERAL";"0009 - PROGRAMA NACIONAL DE QUALIDADE DE VIDA PARA OS PROFISSIONAIS DE SEGURANCA PUBLICA - PRO-VIDA";"4 - Investimentos";"39 - Outros Serviços de Terceiros - Pessoa Jurídica";"90 - Reserva de Contingência";"0,00";"95.900,00";"95.900,00";"0,00";
"07/2020";"26000 - Ministério da Educação";"26271 - Fundação Universidade de Brasília";"154040 - FUNDACAO UNIVERSIDADE DE BRASILIA - FUB";"21 - Organização agrária";"606 - Extensão rural";"1031 - AGROPECUARIA SUSTENTAVEL";"21B6 - ASSISTENCIA TECNICA E EXTENSAO RURAL";"00 - NAO ATRIBUIDO";"8100 - RELATOR GERAL";"0002 - APOIO A ESTRUTURACAO DAS ENTIDADES DE ASSISTENCIA TECNICA E EXTENSAO RURAL";"3 - Outras Despesas Correntes";"39 - Outros Serviços de Terceiros - Pessoa Jurídica";"90 - Reserva de Contingência";"3.014.681,95";"0,00";"0,00";"0,00";
"07/2020";"26000 - Ministério da Educação";"26271 - Fundação Universidade de Brasília";"154040 - FUNDACAO UNIVERSIDADE DE BRASILIA - FUB";"04 - Administração";"128 - Formação de recursos humanos";"2038 - DEMOCRACIA E APERFEICOAMENTO DA GESTAO PUBLICA";"2250 - SELECAO, FORMACAO E DESENVOLVIMENTO DE PESSOAS";"00 - NAO ATRIBUIDO";"0000";"0001 - CAPACITACAO DE SERVIDORES PUBLICOS E PROFISSIONAIS";"3 - Outras Despesas Correntes";"36 - Outros Serviços de Terceiros - Pessoa Física";"90 - Reserva de Contingência";"0,00";"0,00";"0,00";"15.062,71";
"07/2020";"26000 - Ministério da Educação";"26271 - Fundação Universidade de Brasília";"154040 - FUNDACAO UNIVERSIDADE DE BRASILIA - FUB";"04 - Administração";"122 - Administração geral";"0032 - PROGRAMA DE GESTAO E MANUTENCAO DO PODER EXECUTIVO";"216Q - APERFEICOAMENTO E FORTALECIMENTO DA GESTAO DE PESSOAS";"00 - NAO ATRIBUIDO";"0000";"0003 - APRIMORAMENTO E MANUTENCAO DOS SISTEMAS DE GESTAO DE PESSOAS E RELACOES DO TRABALHO";"3 - Outras Despesas Correntes";"39 - Outros Serviços de Terceiros - Pessoa Jurídica";"90 - Reserva de Contingência";"0,00";"62.380,12";"755.492,65";"0,00";
"07/2020";"26000 - Ministério da Educação";"26271 - Fundação Universidade de Brasília";"154040 - FUNDACAO UNIVERSIDADE DE BRASILIA - FUB";"10 - Saúde";"301 - Atenção básica";"2015 - FORTALECIMENTO DO SISTEMA UNICO DE SAUDE (SUS)";"214U - IMPLEMENTACAO DO PROGRAMA MAIS MEDICOS";"35 - MAIS MEDICOS";"0000";"000D - APRIMORAMENTO DA FORMACAO MEDICA NO PAIS E APERFEICOAMENTO DOS MEDICOS PARTICIPANTES DO PROGRAMA";"3 - Outras Despesas Correntes";"36 - Outros Serviços de Terceiros - Pessoa Física";"90 - Reserva de Contingência";"0,00";"0,00";"0,00";"59.337,40";
"07/2020";"26000 - Ministério da Educação";"26271 - Fundação Universidade de Brasília";"154040 - FUNDACAO UNIVERSIDADE DE BRASILIA - FUB";"12 - Educação";"331 - Proteção e benefícios ao trabalhador";"0032 - PROGRAMA DE GESTAO E MANUTENCAO DO PODER EXECUTIVO";"212B - BENEFICIOS OBRIGATORIOS AOS SERVIDORES CIVIS, EMPREGADOS, MILITARES E SEUS DEPENDENTES";"00 - NAO ATRIBUIDO";"0000";"0003 - AUXILIO-TRANSPORTE DE CIVIS";"3 - Outras Despesas Correntes";"49 - Auxílio-Transporte";"90 - Reserva de Contingência";"0,00";"44.162,69";"49.953,05";"0,00";
"07/2020";"26000 - Ministério da Educação";"26271 - Fundação Universidade de Brasília";"154040 - FUNDACAO UNIVERSIDADE DE BRASILIA - FUB";"12 - Educação";"364 - Ensino superior";"5013 - EDUCACAO SUPERIOR - GRADUACAO, POS-GRADUACAO, ENSINO, PESQUI";"20RK - FUNCIONAMENTO DE INSTITUICOES FEDERAIS DE ENSINO SUPERIOR";"00 - NAO ATRIBUIDO";"0000";"0000 - FUNCIONAMENTO DE INSTITUICOES FEDERAIS DE ENSINO SUPERIOR - DESPESAS DIVERSAS";"3 - Outras Despesas Correntes";"31 - Premiações Culturais, Artísticas, Científicas, Desportivas e Outras";"90 - Reserva de Contingência";"0,00";"0,00";"3.600,00";"0,00";
"07/2020";"26000 - Ministério da Educação";"26271 - Fundação Universidade de Brasília";"154040 - FUNDACAO UNIVERSIDADE DE BRASILIA - FUB";"28 - Encargos especiais";"846 - Outros encargos especiais";"0910 - OPERACOES ESPECIAIS: GESTAO DA PARTICIPACAO EM ORGANISMOS E";"00PW - CONTRIBUICOES A ENTIDADES NACIONAIS SEM EXIGENCIA DE PROGRAMACAO ESPECIFICA";"00 - NAO ATRIBUIDO";"0000";"0013 - PAGAMENTO DE ANUIDADE A ASSOCIACAO NACIONAL DE POS-GRADUACAO E PESQUISA EM CIENCIAS SOCIAIS (ANPOCS)";"3 - Outras Despesas Correntes";"41 - Contribuições";"50 - Transferências a Instituições Privadas sem Fins Lucrativos";"2.750,00";"0,00";"0,00";"0,00";
"07/2020";"26000 - Ministério da Educação";"26271 - Fundação Universidade de Brasília";"154040 - FUNDACAO UNIVERSIDADE DE BRASILIA - FUB";"27 - Desporto e lazer";"811 - Desporto de rendimento";"2035 - ESPORTE, CIDADANIA E DESENVOLVIMENTO";"14TP - IMPLANTACAO DE INFRAESTRUTURA ESPORTIVA DE ALTO RENDIMENTO";"00 - NAO ATRIBUIDO";"0000";"0003 - IMPLANTACAO E MODERNIZACAO DE INFRAESTRUTURA";"4 - Investimentos";"51 - Obras e Instalações";"90 - Reserva de Contingência";"0,00";"0,00";"0,00";"373.678,47";
"07/2020";"26000 - Ministério da Educação";"26271 - Fundação Universidade de Brasília";"154040 - FUNDACAO UNIVERSIDADE DE BRASILIA - FUB";"23 - Comércio e serviços";"695 - Turismo";"2076 - DESENVOLVIMENTO E PROMOCAO DO TURISMO";"4590 - QUALIFICACAO E CERTIFICACAO NO TURISMO";"00 - NAO ATRIBUIDO";"0000";"0002 - QUALIFICACAO E INCENTIVO A CERTIFICACAO DE PESSOA FISICA E JURIDICA DA CADEIA PRODUTIVA DO TURISMO";"3 - Outras Despesas Correntes";"20 - Auxílio Financeiro a Pesquisadores";"90 - Reserva de Contingência";"0,00";"0,00";"0,00";"96.500,00";
"07/2020";"26000 - Ministério da Educação";"26271 - Fundação Universidade de Brasília";"154040 - FUNDACAO UNIVERSIDADE DE BRASILIA - FUB";"23 - Comércio e serviços";"695 - Turismo";"2223 - A HORA DO TURISMO";"4590 - QUALIFICACAO E CERTIFICACAO NO TURISMO";"00 - NAO ATRIBUIDO";"0000";"0002 - QUALIFICACAO E INCENTIVO A CERTIFICACAO DE PESSOA FISICA E JURIDICA DA CADEIA PRODUTIVA DO TURISMO";"3 - Outras Despesas Correntes";"39 - Outros Serviços de Terceiros - Pessoa Jurídica";"90 - Reserva de Contingência";"290.691,82";"0,00";"0,00";"0,00";
"07/2020";"26000 - Ministério da Educação";"26271 - Fundação Universidade de Brasília";"154040 - FUNDACAO UNIVERSIDADE DE BRASILIA - FUB";"12 - Educação";"331 - Proteção e benefícios ao trabalhador";"0032 - PROGRAMA DE GESTAO E MANUTENCAO DO PODER EXECUTIVO";"212B - BENEFICIOS OBRIGATORIOS AOS SERVIDORES CIVIS, EMPREGADOS, MILITARES E SEUS DEPENDENTES";"00 - NAO ATRIBUIDO";"0000";"0001 - ASSISTENCIA PRE-ESCOLAR AOS DEPENDENTES DE SERVIDORES CIVIS E DE EMPREGADOS";"3 - Outras Despesas Correntes";"04 - Contratação por Tempo Determinado";"90 - Reserva de Contingência";"4.151,85";"7.190,40";"7.800,30";"0,00";
"07/2020";"26000 - Ministério da Educação";"26271 - Fundação Universidade de Brasília";"154040 - FUNDACAO UNIVERSIDADE DE BRASILIA - FUB";"03 - Essencial à justiça";"092 - Representação judicial e extrajudicial";"4005 - PROTECAO JURIDICA DA UNIAO";"2674 - REPRESENTACAO JUDICIAL E EXTRAJUDICIAL DA UNIAO E SUAS AUTARQUIAS E FUNDACOES FEDERAIS";"00 - NAO ATRIBUIDO";"0000";"000D - CAPACITACAO DE SERVIDORES";"3 - Outras Despesas Correntes";"36 - Outros Serviços de Terceiros - Pessoa Física";"90 - Reserva de Contingência";"0,00";"1.321,48";"1.321,48";"0,00";
"07/2020";"26000 - Ministério da Educação";"26271 - Fundação Universidade de Brasília";"154040 - FUNDACAO UNIVERSIDADE DE BRASILIA - FUB";"14 - Direitos da cidadania";"422 - Direitos individuais, coletivos e difusos";"5015 - JUSTICA";"2733 - QUALIFICACAO E DEMOCRATIZACAO DO PROCESSO ADMINISTRATIVO E ELABORACAO NORMATIVA";"00 - NAO ATRIBUIDO";"0000";"0000 - QUALIFICACAO E DEMOCRATIZACAO DO PROCESSO ADMINISTRATIVO E ELABORACAO NORMATIVA";"3 - Outras Despesas Correntes";"39 - Outros Serviços de Terceiros - Pessoa Jurídica";"90 - Reserva de Contingência";"0,00";"92.725,08";"92.725,08";"0,00";
"07/2020";"26000 - Ministério da Educação";"26271 - Fundação Universidade de Brasília";"154040 - FUNDACAO UNIVERSIDADE DE BRASILIA - FUB";"23 - Comércio e serviços";"695 - Turismo";"2223 - A HORA DO TURISMO";"4590 - QUALIFICACAO E CERTIFICACAO NO TURISMO";"00 - NAO ATRIBUIDO";"0000";"0002 - QUALIFICACAO E INCENTIVO A CERTIFICACAO DE PESSOA FISICA E JURIDICA DA CADEIA PRODUTIVA DO TURISMO";"3 - Outras Despesas Correntes";"36 - Outros Serviços de Terceiros - Pessoa Física";"90 - Reserva de Contingência";"8.000,00";"0,00";"0,00";"0,00";
"07/2020";"26000 - Ministério da Educação";"26271 - Fundação Universidade de Brasília";"154040 - FUNDACAO UNIVERSIDADE DE BRASILIA - FUB";"09 - Previdência social";"272 - Previdência do regime estatutário";"0032 - PROGRAMA DE GESTAO E MANUTENCAO DO PODER EXECUTIVO";"0181 - APOSENTADORIAS E PENSOES CIVIS DA UNIAO";"00 - NAO ATRIBUIDO";"0000";"0000 - APOSENTADORIAS E PENSOES CIVIS DA UNIAO";"1 - Pessoal e Encargos Sociais";"91 - Sentenças Judiciais";"90 - Reserva de Contingência";"0,00";"5.390.550,99";"5.402.109,63";"0,00";
"07/2020";"26000 - Ministério da Educação";"26271 - Fundação Universidade de Brasília";"154040 - FUNDACAO UNIVERSIDADE DE BRASILIA - FUB";"12 - Educação";"331 - Proteção e benefícios ao trabalhador";"0032 - PROGRAMA DE GESTAO E MANUTENCAO DO PODER EXECUTIVO";"212B - BENEFICIOS OBRIGATORIOS AOS SERVIDORES CIVIS, EMPREGADOS, MILITARES E SEUS DEPENDENTES";"00 - NAO ATRIBUIDO";"0000";"0003 - AUXILIO-TRANSPORTE DE CIVIS";"3 - Outras Despesas Correntes";"04 - Contratação por Tempo Determinado";"90 - Reserva de Contingência";"0,00";"- 7.975,51";"- 8.019,94";"0,00";
"07/2020";"26000 - Ministério da Educação";"26271 - Fundação Universidade de Brasília";"154040 - FUNDACAO UNIVERSIDADE DE BRASILIA - FUB";"12 - Educação";"846 - Outros encargos especiais";"0032 - PROGRAMA DE GESTAO E MANUTENCAO DO PODER EXECUTIVO";"09HB - CONTRIBUICAO DA UNIAO, DE SUAS AUTARQUIAS E FUNDACOES PARA O CUSTEIO DO REGIME DE PREVIDENCIA DOS SERVIDORES PUBLICOS FEDERAIS";"00 - NAO ATRIBUIDO";"0000";"0000 - CONTRIBUICAO DA UNIAO, DE SUAS AUTARQUIAS E FUNDACOES PARA O CUSTEIO DO REGIME DE PREVIDENCIA DOS SERVIDORES PUBLICOS FEDERAIS";"1 - Pessoal e Encargos Sociais";"13 - Obrigações Patronais";"91 - APLICACOES DIRETAS - OPER.INTRA-ORCAMENTARIAS";"0,00";"15.797.291,08";"15.759.763,80";"0,00";
"07/2020";"26000 - Ministério da Educação";"26271 - Fundação Universidade de Brasília";"154040 - FUNDACAO UNIVERSIDADE DE BRASILIA - FUB";"09 - Previdência social";"272 - Previdência do regime estatutário";"0032 - PROGRAMA DE GESTAO E MANUTENCAO DO PODER EXECUTIVO";"0181 - APOSENTADORIAS E PENSOES CIVIS DA UNIAO";"00 - NAO ATRIBUIDO";"0000";"0000 - APOSENTADORIAS E PENSOES CIVIS DA UNIAO";"1 - Pessoal e Encargos Sociais";"01 - Aposentadorias do RPPS, Reserva Remunerada e Reformas dos Militares";"90 - Reserva de Contingência";"0,00";"25.158.007,43";"40.233.408,25";"0,00";
"07/2020";"26000 - Ministério da Educação";"26271 - Fundação Universidade de Brasília";"154040 - FUNDACAO UNIVERSIDADE DE BRASILIA - FUB";"05 - Defesa nacional";"153 - Defesa terrestre";"6012 - DEFESA NACIONAL";"14T4 - IMPLANTACAO DO PROJETO GUARANI";"00 - NAO ATRIBUIDO";"0000";"0000 - IMPLANTACAO DO PROJETO GUARANI";"3 - Outras Despesas Correntes";"39 - Outros Serviços de Terceiros - Pessoa Jurídica";"90 - Reserva de Contingência";"33.273,88";"0,00";"0,00";"0,00";
"07/2020";"26000 - Ministério da Educação";"26271 - Fundação Universidade de Brasília";"154040 - FUNDACAO UNIVERSIDADE DE BRASILIA - FUB";"12 - Educação";"364 - Ensino superior";"5013 - EDUCACAO SUPERIOR - GRADUACAO, POS-GRADUACAO, ENSINO, PESQUI";"20GK - FOMENTO AS ACOES DE GRADUACAO, POS-GRADUACAO, ENSINO, PESQUISA E EXTENSAO";"00 - NAO ATRIBUIDO";"4053 - PAULA BELMONTE";"0000 - FOMENTO AS ACOES DE GRADUACAO, POS-GRADUACAO, ENSINO, PESQUISA E EXTENSAO";"3 - Outras Despesas Correntes";"18 - Auxílio Financeiro a Estudantes";"90 - Reserva de Contingência";"0,00";"22.500,00";"22.500,00";"0,00";
"07/2020";"26000 - Ministério da Educação";"26271 - Fundação Universidade de Brasília";"154040 - FUNDACAO UNIVERSIDADE DE BRASILIA - FUB";"12 - Educação";"364 - Ensino superior";"5013 - EDUCACAO SUPERIOR - GRADUACAO, POS-GRADUACAO, ENSINO, PESQUI";"20RK - FUNCIONAMENTO DE INSTITUICOES FEDERAIS DE ENSINO SUPERIOR";"00 - NAO ATRIBUIDO";"0000";"0000 - FUNCIONAMENTO DE INSTITUICOES FEDERAIS DE ENSINO SUPERIOR - DESPESAS DIVERSAS";"3 - Outras Despesas Correntes";"47 - Obrigações Tributárias e Contributivas";"90 - Reserva de Contingência";"0,00";"15.860,28";"9.185,21";"0,00";
"07/2020";"26000 - Ministério da Educação";"26271 - Fundação Universidade de Brasília";"154040 - FUNDACAO UNIVERSIDADE DE BRASILIA - FUB";"12 - Educação";"364 - Ensino superior";"5013 - EDUCACAO SUPERIOR - GRADUACAO, POS-GRADUACAO, ENSINO, PESQUI";"4002 - ASSISTENCIA AO ESTUDANTE DE ENSINO SUPERIOR";"00 - NAO ATRIBUIDO";"0000";"0000 - ASSISTENCIA AO ESTUDANTE DE ENSINO SUPERIOR - DESPESAS DIVERSAS";"3 - Outras Despesas Correntes";"18 - Auxílio Financeiro a Estudantes";"90 - Reserva de Contingência";"- 4.884.521,00";"0,00";"51.500,00";"0,00";
"07/2020";"26000 - Ministério da Educação";"26271 - Fundação Universidade de Brasília";"154040 - FUNDACAO UNIVERSIDADE DE BRASILIA - FUB";"12 - Educação";"364 - Ensino superior";"2080 - EDUCACAO DE QUALIDADE PARA TODOS";"20RK - FUNCIONAMENTO DE INSTITUICOES FEDERAIS DE ENSINO SUPERIOR";"00 - NAO ATRIBUIDO";"0000";"0000 - FUNCIONAMENTO DE INSTITUICOES FEDERAIS DE ENSINO SUPERIOR - DESPESAS DIVERSAS";"3 - Outras Despesas Correntes";"36 - Outros Serviços de Terceiros - Pessoa Física";"90 - Reserva de Contingência";"0,00";"0,00";"0,00";"201.816,56";
"07/2020";"26000 - Ministério da Educação";"26271 - Fundação Universidade de Brasília";"154040 - FUNDACAO UNIVERSIDADE DE BRASILIA - FUB";"12 - Educação";"364 - Ensino superior";"5013 - EDUCACAO SUPERIOR - GRADUACAO, POS-GRADUACAO, ENSINO, PESQUI";"20RK - FUNCIONAMENTO DE INSTITUICOES FEDERAIS DE ENSINO SUPERIOR";"00 - NAO ATRIBUIDO";"0000";"0000 - FUNCIONAMENTO DE INSTITUICOES FEDERAIS DE ENSINO SUPERIOR - DESPESAS DIVERSAS";"3 - Outras Despesas Correntes";"37 - Locação de Mão-de-Obra";"90 - Reserva de Contingência";"5.257.849,37";"3.002.697,84";"2.060.965,96";"0,00";
"07/2020";"26000 - Ministério da Educação";"26271 - Fundação Universidade de Brasília";"154040 - FUNDACAO UNIVERSIDADE DE BRASILIA - FUB";"12 - Educação";"364 - Ensino superior";"2080 - EDUCACAO DE QUALIDADE PARA TODOS";"20RK - FUNCIONAMENTO DE INSTITUICOES FEDERAIS DE ENSINO SUPERIOR";"00 - NAO ATRIBUIDO";"0000";"0001 - MANUTENCAO DAS INSTITUICOES FEDERAIS DE ENSINO SUPERIOR EM EXPANSAO";"3 - Outras Despesas Correntes";"39 - Outros Serviços de Terceiros - Pessoa Jurídica";"90 - Reserva de Contingência";"0,00";"0,00";"0,00";"2.221,77";
"07/2020";"26000 - Ministério da Educação";"26271 - Fundação Universidade de Brasília";"154040 - FUNDACAO UNIVERSIDADE DE BRASILIA - FUB";"12 - Educação";"364 - Ensino superior";"0032 - PROGRAMA DE GESTAO E MANUTENCAO DO PODER EXECUTIVO";"20TP - ATIVOS CIVIS DA UNIAO";"00 - NAO ATRIBUIDO";"0000";"0000 - ATIVOS CIVIS DA UNIAO";"1 - Pessoal e Encargos Sociais";"92 - Despesas de Exercícios Anteriores";"90 - Reserva de Contingência";"- 1.616.071,92";"172.111,88";"173.154,59";"0,00";
"07/2020";"26000 - Ministério da Educação";"26271 - Fundação Universidade de Brasília";"154040 - FUNDACAO UNIVERSIDADE DE BRASILIA - FUB";"18 - Gestão ambiental";"125 - Normatização e fiscalização";"2221 - RECURSOS HIDRICOS";"4926 - REGULACAO E FISCALIZACAO DOS USOS DE RECURSOS HIDRICOS, DOS SERVICOS DE IRRIGACAO E ADUCAO DE AGUA BRUTA E DA SEGURANCA DE BARRAGENS";"00 - NAO ATRIBUIDO";"0000";"0006 - REGULACAO DO PROJETO DE INTEGRACAO DO RIO SAO FRANCISCO - PISF";"3 - Outras Despesas Correntes";"39 - Outros Serviços de Terceiros - Pessoa Jurídica";"90 - Reserva de Contingência";"89.623,00";"0,00";"0,00";"0,00";
"07/2020";"26000 - Ministério da Educação";"26271 - Fundação Universidade de Brasília";"154040 - FUNDACAO UNIVERSIDADE DE BRASILIA - FUB";"18 - Gestão ambiental";"125 - Normatização e fiscalização";"2221 - RECURSOS HIDRICOS";"4926 - REGULACAO E FISCALIZACAO DOS USOS DE RECURSOS HIDRICOS, DOS SERVICOS DE IRRIGACAO E ADUCAO DE AGUA BRUTA E DA SEGURANCA DE BARRAGENS";"00 - NAO ATRIBUIDO";"0000";"0006 - REGULACAO DO PROJETO DE INTEGRACAO DO RIO SAO FRANCISCO - PISF";"3 - Outras Despesas Correntes";"14 - Diárias - Civil";"90 - Reserva de Contingência";"10.030,00";"0,00";"0,00";"0,00";
"07/2020";"26000 - Ministério da Educação";"26271 - Fundação Universidade de Brasília";"154040 - FUNDACAO UNIVERSIDADE DE BRASILIA - FUB";"26 - Transporte";"121 - Planejamento e orçamento";"0032 - PROGRAMA DE GESTAO E MANUTENCAO DO PODER EXECUTIVO";"20UC - ESTUDOS, PROJETOS E PLANEJAMENTO DE INFRAESTRUTURA DE TRANSPORTES";"00 - NAO ATRIBUIDO";"8100 - RELATOR GERAL";"0000 - ESTUDOS, PROJETOS E PLANEJAMENTO DE INFRAESTRUTURA DE TRANSPORTES - DESPESAS DIVERSAS";"3 - Outras Despesas Correntes";"39 - Outros Serviços de Terceiros - Pessoa Jurídica";"90 - Reserva de Contingência";"431.079,19";"0,00";"0,00";"0,00";
"07/2020";"26000 - Ministério da Educação";"26271 - Fundação Universidade de Brasília";"154040 - FUNDACAO UNIVERSIDADE DE BRASILIA - FUB";"06 - Segurança pública";"122 - Administração geral";"2112 - PROGRAMA DE GESTAO E MANUTENCAO DO MINISTERIO DA JUSTICA E S";"2000 - ADMINISTRACAO DA UNIDADE";"00 - NAO ATRIBUIDO";"0000";"0003 - CAPACITACAO DE SERVIDORES PUBLICOS FEDERAIS EM PROCESSO DE QUALIFICACAO E REQUALIFICACAO";"3 - Outras Despesas Correntes";"36 - Outros Serviços de Terceiros - Pessoa Física";"90 - Reserva de Contingência";"0,00";"0,00";"0,00";"21.880,00";
"07/2020";"26000 - Ministério da Educação";"26271 - Fundação Universidade de Brasília";"154040 - FUNDACAO UNIVERSIDADE DE BRASILIA - FUB";"05 - Defesa nacional";"153 - Defesa terrestre";"6012 - DEFESA NACIONAL";"14T5 - IMPLANTACAO DO SISTEMA INTEGRADO DE MONITORAMENTO DE FRONTEIRAS - SISFRON";"00 - NAO ATRIBUIDO";"0000";"0004 - SUPORTE LOGISTICO E DE FUNCIONAMENTO INTEGRADOS";"3 - Outras Despesas Correntes";"39 - Outros Serviços de Terceiros - Pessoa Jurídica";"90 - Reserva de Contingência";"19.082,44";"0,00";"0,00";"0,00";
"07/2020";"26000 - Ministério da Educação";"26271 - Fundação Universidade de Brasília";"154040 - FUNDACAO UNIVERSIDADE DE BRASILIA - FUB";"12 - Educação";"331 - Proteção e benefícios ao trabalhador";"0032 - PROGRAMA DE GESTAO E MANUTENCAO DO PODER EXECUTIVO";"212B - BENEFICIOS OBRIGATORIOS AOS SERVIDORES CIVIS, EMPREGADOS, MILITARES E SEUS DEPENDENTES";"00 - NAO ATRIBUIDO";"0000";"0005 - AUXILIO-ALIMENTACAO DE CIVIS";"3 - Outras Despesas Correntes";"46 - Auxílio-Alimentação";"90 - Reserva de Contingência";"- 62.340,04";"2.349.455,35";"2.323.622,74";"0,00";
"07/2020";"26000 - Ministério da Educação";"26271 - Fundação Universidade de Brasília";"154040 - FUNDACAO UNIVERSIDADE DE BRASILIA - FUB";"12 - Educação";"364 - Ensino superior";"0032 - PROGRAMA DE GESTAO E MANUTENCAO DO PODER EXECUTIVO";"20TP - ATIVOS CIVIS DA UNIAO";"00 - NAO ATRIBUIDO";"0000";"0000 - ATIVOS CIVIS DA UNIAO";"1 - Pessoal e Encargos Sociais";"04 - Contratação por Tempo Determinado";"90 - Reserva de Contingência";"1.425.629,71";"1.481.373,69";"2.039.087,20";"0,00";
"07/2020";"26000 - Ministério da Educação";"26271 - Fundação Universidade de Brasília";"154040 - FUNDACAO UNIVERSIDADE DE BRASILIA - FUB";"12 - Educação";"364 - Ensino superior";"2080 - EDUCACAO DE QUALIDADE PARA TODOS";"20RK - FUNCIONAMENTO DE INSTITUICOES FEDERAIS DE ENSINO SUPERIOR";"00 - NAO ATRIBUIDO";"0000";"0000 - FUNCIONAMENTO DE INSTITUICOES FEDERAIS DE ENSINO SUPERIOR - DESPESAS DIVERSAS";"4 - Investimentos";"51 - Obras e Instalações";"90 - Reserva de Contingência";"0,00";"0,00";"0,00";"2.032.216,47";
"07/2020";"26000 - Ministério da Educação";"26271 - Fundação Universidade de Brasília";"154040 - FUNDACAO UNIVERSIDADE DE BRASILIA - FUB";"06 - Segurança pública";"122 - Administração geral";"0032 - PROGRAMA DE GESTAO E MANUTENCAO DO PODER EXECUTIVO";"2000 - ADMINISTRACAO DA UNIDADE";"00 - NAO ATRIBUIDO";"0000";"0003 - ESTUDOS E PESQUISAS SOBRE A TEMATICA PRISIONAL";"3 - Outras Despesas Correntes";"20 - Auxílio Financeiro a Pesquisadores";"90 - Reserva de Contingência";"48.000,00";"0,00";"0,00";"0,00";
"07/2020";"26000 - Ministério da Educação";"26271 - Fundação Universidade de Brasília";"154040 - FUNDACAO UNIVERSIDADE DE BRASILIA - FUB";"12 - Educação";"364 - Ensino superior";"2080 - EDUCACAO DE QUALIDADE PARA TODOS";"20RK - FUNCIONAMENTO DE INSTITUICOES FEDERAIS DE ENSINO SUPERIOR";"00 - NAO ATRIBUIDO";"3755 - RONEY NEMER";"EIND - EMENDA INDIVIDUAL";"3 - Outras Despesas Correntes";"18 - Auxílio Financeiro a Estudantes";"90 - Reserva de Contingência";"0,00";"0,00";"0,00";"1.800,00";
"07/2020";"26000 - Ministério da Educação";"26271 - Fundação Universidade de Brasília";"154040 - FUNDACAO UNIVERSIDADE DE BRASILIA - FUB";"12 - Educação";"364 - Ensino superior";"5013 - EDUCACAO SUPERIOR - GRADUACAO, POS-GRADUACAO, ENSINO, PESQUI";"20RK - FUNCIONAMENTO DE INSTITUICOES FEDERAIS DE ENSINO SUPERIOR";"00 - NAO ATRIBUIDO";"0000";"0000 - FUNCIONAMENTO DE INSTITUICOES FEDERAIS DE ENSINO SUPERIOR - DESPESAS DIVERSAS";"3 - Outras Despesas Correntes";"20 - Auxílio Financeiro a Pesquisadores";"90 - Reserva de Contingência";"594.500,00";"114.500,00";"109.500,00";"0,00";
"07/2020";"26000 - Ministério da Educação";"26271 - Fundação Universidade de Brasília";"154040 - FUNDACAO UNIVERSIDADE DE BRASILIA - FUB";"12 - Educação";"331 - Proteção e benefícios ao trabalhador";"0032 - PROGRAMA DE GESTAO E MANUTENCAO DO PODER EXECUTIVO";"212B - BENEFICIOS OBRIGATORIOS AOS SERVIDORES CIVIS, EMPREGADOS, MILITARES E SEUS DEPENDENTES";"00 - NAO ATRIBUIDO";"0000";"0003 - AUXILIO-TRANSPORTE DE CIVIS";"3 - Outras Despesas Correntes";"92 - Despesas de Exercícios Anteriores";"90 - Reserva de Contingência";"0,00";"1.399,23";"1.399,23";"0,00";
"07/2020";"26000 - Ministério da Educação";"26271 - Fundação Universidade de Brasília";"154040 - FUNDACAO UNIVERSIDADE DE BRASILIA - FUB";"12 - Educação";"364 - Ensino superior";"5013 - EDUCACAO SUPERIOR - GRADUACAO, POS-GRADUACAO, ENSINO, PESQUI";"20RK - FUNCIONAMENTO DE INSTITUICOES FEDERAIS DE ENSINO SUPERIOR";"00 - NAO ATRIBUIDO";"0000";"0002 - FUNCIONAMENTO DOS HOSPITAIS VETERINARIOS";"3 - Outras Despesas Correntes";"30 - Material de Consumo";"90 - Reserva de Contingência";"51.181,77";"0,00";"79.954,85";"0,00";
"07/2020";"26000 - Ministério da Educação";"26271 - Fundação Universidade de Brasília";"154040 - FUNDACAO UNIVERSIDADE DE BRASILIA - FUB";"12 - Educação";"364 - Ensino superior";"5013 - EDUCACAO SUPERIOR - GRADUACAO, POS-GRADUACAO, ENSINO, PESQUI";"20GK - FOMENTO AS ACOES DE GRADUACAO, POS-GRADUACAO, ENSINO, PESQUISA E EXTENSAO";"00 - NAO ATRIBUIDO";"0000";"0000 - FOMENTO AS ACOES DE GRADUACAO, POS-GRADUACAO, ENSINO, PESQUISA E EXTENSAO";"3 - Outras Despesas Correntes";"39 - Outros Serviços de Terceiros - Pessoa Jurídica";"90 - Reserva de Contingência";"106.939,92";"119.720,12";"119.720,12";"0,00";
"07/2020";"26000 - Ministério da Educação";"26271 - Fundação Universidade de Brasília";"154040 - FUNDACAO UNIVERSIDADE DE BRASILIA - FUB";"02 - Judiciária";"061 - Ação judiciária";"0033 - PROGRAMA DE GESTAO E MANUTENCAO DO PODER JUDICIARIO";"6359 - APRECIACAO E JULGAMENTO DE CAUSAS NO SUPREMO TRIBUNAL FEDERAL";"00 - NAO ATRIBUIDO";"0000";"0001 - JULGAMENTO DE PROCESSOS";"3 - Outras Despesas Correntes";"39 - Outros Serviços de Terceiros - Pessoa Jurídica";"90 - Reserva de Contingência";"0,00";"40.050,00";"40.050,00";"0,00";
"07/2020";"26000 - Ministério da Educação";"26271 - Fundação Universidade de Brasília";"154040 - FUNDACAO UNIVERSIDADE DE BRASILIA - FUB";"12 - Educação";"364 - Ensino superior";"2080 - EDUCACAO DE QUALIDADE PARA TODOS";"20RK - FUNCIONAMENTO DE INSTITUICOES FEDERAIS DE ENSINO SUPERIOR";"00 - NAO ATRIBUIDO";"0000";"0001 - MANUTENCAO DAS INSTITUICOES FEDERAIS DE ENSINO SUPERIOR EM EXPANSAO";"3 - Outras Despesas Correntes";"30 - Material de Consumo";"90 - Reserva de Contingência";"0,00";"0,00";"0,00";"8.924,42";
"07/2020";"26000 - Ministério da Educação";"26271 - Fundação Universidade de Brasília";"154040 - FUNDACAO UNIVERSIDADE DE BRASILIA - FUB";"10 - Saúde";"128 - Formação de recursos humanos";"2115 - PROGRAMA DE GESTAO E MANUTENCAO DO MINISTERIO DA SAUDE";"4572 - CAPACITACAO DE SERVIDORES PUBLICOS FEDERAIS EM PROCESSO DE QUALIFICACAO E REQUALIFICACAO";"00 - NAO ATRIBUIDO";"0000";"0000 - CAPACITACAO DE SERVIDORES PUBLICOS FEDERAIS EM PROCESSO DE QUALIFICACAO E REQUALIFICACAO";"3 - Outras Despesas Correntes";"18 - Auxílio Financeiro a Estudantes";"90 - Reserva de Contingência";"0,00";"0,00";"0,00";"700,00";
"07/2020";"26000 - Ministério da Educação";"26271 - Fundação Universidade de Brasília";"154040 - FUNDACAO UNIVERSIDADE DE BRASILIA - FUB";"06 - Segurança pública";"181 - Policiamento";"5016 - SEGURANCA PUBLICA, COMBATE A CORRUPCAO, AO CRIME ORGANIZADO";"21BQ - IMPLEMENTACAO DE POLITICAS DE SEGURANCA PUBLICA, PREVENCAO, E ENFRENTAMENTO A CRIMINALIDADE";"00 - NAO ATRIBUIDO";"8100 - RELATOR GERAL";"0009 - PROGRAMA NACIONAL DE QUALIDADE DE VIDA PARA OS PROFISSIONAIS DE SEGURANCA PUBLICA - PRO-VIDA";"3 - Outras Despesas Correntes";"39 - Outros Serviços de Terceiros - Pessoa Jurídica";"90 - Reserva de Contingência";"0,00";"683.270,87";"683.270,87";"0,00";
"07/2020";"26000 - Ministério da Educação";"26271 - Fundação Universidade de Brasília";"154040 - FUNDACAO UNIVERSIDADE DE BRASILIA - FUB";"23 - Comércio e serviços";"695 - Turismo";"2223 - A HORA DO TURISMO";"4590 - QUALIFICACAO E CERTIFICACAO NO TURISMO";"00 - NAO ATRIBUIDO";"0000";"0002 - QUALIFICACAO E INCENTIVO A CERTIFICACAO DE PESSOA FISICA E JURIDICA DA CADEIA PRODUTIVA DO TURISMO";"3 - Outras Despesas Correntes";"20 - Auxílio Financeiro a Pesquisadores";"90 - Reserva de Contingência";"1.581.500,00";"0,00";"0,00";"0,00";
"07/2020";"26000 - Ministério da Educação";"26271 - Fundação Universidade de Brasília";"154040 - FUNDACAO UNIVERSIDADE DE BRASILIA - FUB";"12 - Educação";"364 - Ensino superior";"5013 - EDUCACAO SUPERIOR - GRADUACAO, POS-GRADUACAO, ENSINO, PESQUI";"20RK - FUNCIONAMENTO DE INSTITUICOES FEDERAIS DE ENSINO SUPERIOR";"00 - NAO ATRIBUIDO";"0000";"0000 - FUNCIONAMENTO DE INSTITUICOES FEDERAIS DE ENSINO SUPERIOR - DESPESAS DIVERSAS";"3 - Outras Despesas Correntes";"30 - Material de Consumo";"90 - Reserva de Contingência";"982.582,07";"846.242,34";"886.017,05";"0,00";
"07/2020";"26000 - Ministério da Educação";"26271 - Fundação Universidade de Brasília";"154040 - FUNDACAO UNIVERSIDADE DE BRASILIA - FUB";"12 - Educação";"364 - Ensino superior";"5013 - EDUCACAO SUPERIOR - GRADUACAO, POS-GRADUACAO, ENSINO, PESQUI";"20RK - FUNCIONAMENTO DE INSTITUICOES FEDERAIS DE ENSINO SUPERIOR";"00 - NAO ATRIBUIDO";"0000";"0000 - FUNCIONAMENTO DE INSTITUICOES FEDERAIS DE ENSINO SUPERIOR - DESPESAS DIVERSAS";"3 - Outras Despesas Correntes";"47 - Obrigações Tributárias e Contributivas";"91 - APLICACOES DIRETAS - OPER.INTRA-ORCAMENTARIAS";"3.925.566,00";"685.558,30";"685.558,30";"0,00";
"07/2020";"26000 - Ministério da Educação";"26271 - Fundação Universidade de Brasília";"154040 - FUNDACAO UNIVERSIDADE DE BRASILIA - FUB";"12 - Educação";"364 - Ensino superior";"0032 - PROGRAMA DE GESTAO E MANUTENCAO DO PODER EXECUTIVO";"20TP - ATIVOS CIVIS DA UNIAO";"00 - NAO ATRIBUIDO";"0000";"0000 - ATIVOS CIVIS DA UNIAO";"1 - Pessoal e Encargos Sociais";"91 - Sentenças Judiciais";"90 - Reserva de Contingência";"11.187.266,07";"11.185.503,94";"11.186.551,18";"0,00";
"07/2020";"26000 - Ministério da Educação";"26271 - Fundação Universidade de Brasília";"154040 - FUNDACAO UNIVERSIDADE DE BRASILIA - FUB";"12 - Educação";"364 - Ensino superior";"5013 - EDUCACAO SUPERIOR - GRADUACAO, POS-GRADUACAO, ENSINO, PESQUI";"20RK - FUNCIONAMENTO DE INSTITUICOES FEDERAIS DE ENSINO SUPERIOR";"00 - NAO ATRIBUIDO";"0000";"0000 - FUNCIONAMENTO DE INSTITUICOES FEDERAIS DE ENSINO SUPERIOR - DESPESAS DIVERSAS";"3 - Outras Despesas Correntes";"34 - Outras Despesas de Pessoal decorrentes de Contratos de Terceirização";"90 - Reserva de Contingência";"0,00";"21.508,95";"22.490,93";"0,00";
"07/2020";"26000 - Ministério da Educação";"26271 - Fundação Universidade de Brasília";"154040 - FUNDACAO UNIVERSIDADE DE BRASILIA - FUB";"06 - Segurança pública";"122 - Administração geral";"2112 - PROGRAMA DE GESTAO E MANUTENCAO DO MINISTERIO DA JUSTICA E S";"2000 - ADMINISTRACAO DA UNIDADE";"00 - NAO ATRIBUIDO";"0000";"0003 - CAPACITACAO DE SERVIDORES PUBLICOS FEDERAIS EM PROCESSO DE QUALIFICACAO E REQUALIFICACAO";"3 - Outras Despesas Correntes";"47 - Obrigações Tributárias e Contributivas";"91 - APLICACOES DIRETAS - OPER.INTRA-ORCAMENTARIAS";"0,00";"0,00";"0,00";"1.060,00";
"07/2020";"26000 - Ministério da Educação";"26271 - Fundação Universidade de Brasília";"154040 - FUNDACAO UNIVERSIDADE DE BRASILIA - FUB";"12 - Educação";"364 - Ensino superior";"2080 - EDUCACAO DE QUALIDADE PARA TODOS";"20RK - FUNCIONAMENTO DE INSTITUICOES FEDERAIS DE ENSINO SUPERIOR";"00 - NAO ATRIBUIDO";"0000";"0000 - FUNCIONAMENTO DE INSTITUICOES FEDERAIS DE ENSINO SUPERIOR - DESPESAS DIVERSAS";"3 - Outras Despesas Correntes";"37 - Locação de Mão-de-Obra";"90 - Reserva de Contingência";"0,00";"0,00";"0,00";"799.251,30";
"07/2020";"26000 - Ministério da Educação";"26271 - Fundação Universidade de Brasília";"154040 - FUNDACAO UNIVERSIDADE DE BRASILIA - FUB";"12 - Educação";"364 - Ensino superior";"5013 - EDUCACAO SUPERIOR - GRADUACAO, POS-GRADUACAO, ENSINO, PESQUI";"4002 - ASSISTENCIA AO ESTUDANTE DE ENSINO SUPERIOR";"00 - NAO ATRIBUIDO";"0000";"0003 - PNAES - DECRETO N. 7.234/2010 - AUXILIO FINANCEIRO A ESTUDANTE";"3 - Outras Despesas Correntes";"18 - Auxílio Financeiro a Estudantes";"90 - Reserva de Contingência";"4.884.521,00";"3.130.381,00";"1.901.379,99";"0,00";
"07/2020";"26000 - Ministério da Educação";"26271 - Fundação Universidade de Brasília";"154040 - FUNDACAO UNIVERSIDADE DE BRASILIA - FUB";"12 - Educação";"364 - Ensino superior";"5013 - EDUCACAO SUPERIOR - GRADUACAO, POS-GRADUACAO, ENSINO, PESQUI";"20GK - FOMENTO AS ACOES DE GRADUACAO, POS-GRADUACAO, ENSINO, PESQUISA E EXTENSAO";"00 - NAO ATRIBUIDO";"4053 - PAULA BELMONTE";"0000 - FOMENTO AS ACOES DE GRADUACAO, POS-GRADUACAO, ENSINO, PESQUISA E EXTENSAO";"3 - Outras Despesas Correntes";"20 - Auxílio Financeiro a Pesquisadores";"90 - Reserva de Contingência";"0,00";"32.400,00";"32.400,00";"0,00";
"07/2020";"26000 - Ministério da Educação";"26271 - Fundação Universidade de Brasília";"154040 - FUNDACAO UNIVERSIDADE DE BRASILIA - FUB";"12 - Educação";"364 - Ensino superior";"2080 - EDUCACAO DE QUALIDADE PARA TODOS";"20RK - FUNCIONAMENTO DE INSTITUICOES FEDERAIS DE ENSINO SUPERIOR";"00 - NAO ATRIBUIDO";"0000";"0002 - FUNCIONAMENTO DOS HOSPITAIS VETERINARIOS";"3 - Outras Despesas Correntes";"30 - Material de Consumo";"90 - Reserva de Contingência";"0,00";"0,00";"0,00";"322,50";
"07/2020";"26000 - Ministério da Educação";"26271 - Fundação Universidade de Brasília";"154040 - FUNDACAO UNIVERSIDADE DE BRASILIA - FUB";"10 - Saúde";"128 - Formação de recursos humanos";"2115 - PROGRAMA DE GESTAO E MANUTENCAO DO MINISTERIO DA SAUDE";"4572 - CAPACITACAO DE SERVIDORES PUBLICOS FEDERAIS EM PROCESSO DE QUALIFICACAO E REQUALIFICACAO";"00 - NAO ATRIBUIDO";"0000";"0000 - CAPACITACAO DE SERVIDORES PUBLICOS FEDERAIS EM PROCESSO DE QUALIFICACAO E REQUALIFICACAO";"3 - Outras Despesas Correntes";"36 - Outros Serviços de Terceiros - Pessoa Física";"90 - Reserva de Contingência";"0,00";"0,00";"0,00";"71.822,66";
"07/2020";"26000 - Ministério da Educação";"26271 - Fundação Universidade de Brasília";"154040 - FUNDACAO UNIVERSIDADE DE BRASILIA - FUB";"12 - Educação";"364 - Ensino superior";"5013 - EDUCACAO SUPERIOR - GRADUACAO, POS-GRADUACAO, ENSINO, PESQUI";"20RK - FUNCIONAMENTO DE INSTITUICOES FEDERAIS DE ENSINO SUPERIOR";"00 - NAO ATRIBUIDO";"0000";"0000 - FUNCIONAMENTO DE INSTITUICOES FEDERAIS DE ENSINO SUPERIOR - DESPESAS DIVERSAS";"3 - Outras Despesas Correntes";"36 - Outros Serviços de Terceiros - Pessoa Física";"90 - Reserva de Contingência";"198.173,38";"197.091,80";"22.451,36";"0,00";
"07/2020";"26000 - Ministério da Educação";"26271 - Fundação Universidade de Brasília";"154040 - FUNDACAO UNIVERSIDADE DE BRASILIA - FUB";"12 - Educação";"364 - Ensino superior";"2080 - EDUCACAO DE QUALIDADE PARA TODOS";"4002 - ASSISTENCIA AO ESTUDANTE DE ENSINO SUPERIOR";"00 - NAO ATRIBUIDO";"0000";"0003 - AUXILIO FINANCEIRO DE ASSISTENCIA ESTUDANTIL";"3 - Outras Despesas Correntes";"18 - Auxílio Financeiro a Estudantes";"90 - Reserva de Contingência";"0,00";"0,00";"0,00";"1.342.553,01";
"07/2020";"26000 - Ministério da Educação";"26271 - Fundação Universidade de Brasília";"154040 - FUNDACAO UNIVERSIDADE DE BRASILIA - FUB";"12 - Educação";"364 - Ensino superior";"2080 - EDUCACAO DE QUALIDADE PARA TODOS";"20RK - FUNCIONAMENTO DE INSTITUICOES FEDERAIS DE ENSINO SUPERIOR";"00 - NAO ATRIBUIDO";"0000";"0000 - FUNCIONAMENTO DE INSTITUICOES FEDERAIS DE ENSINO SUPERIOR - DESPESAS DIVERSAS";"3 - Outras Despesas Correntes";"40 - Serviços de Tecnologia da Informação e Comunicação";"90 - Reserva de Contingência";"0,00";"0,00";"0,00";"225.709,50";
"07/2020";"26000 - Ministério da Educação";"26271 - Fundação Universidade de Brasília";"154040 - FUNDACAO UNIVERSIDADE DE BRASILIA - FUB";"12 - Educação";"364 - Ensino superior";"5013 - EDUCACAO SUPERIOR - GRADUACAO, POS-GRADUACAO, ENSINO, PESQUI";"8282 - REESTRUTURACAO E MODERNIZACAO DAS INSTITUICOES FEDERAIS DE ENSINO SUPERIOR";"00 - NAO ATRIBUIDO";"0000";"0000 - REESTRUTURACAO E MODERNIZACAO DAS INSTITUICOES FEDERAIS DE ENSINO SUPERIOR";"3 - Outras Despesas Correntes";"39 - Outros Serviços de Terceiros - Pessoa Jurídica";"90 - Reserva de Contingência";"0,00";"368.905,41";"52.575,03";"0,00";
"07/2020";"26000 - Ministério da Educação";"26271 - Fundação Universidade de Brasília";"154040 - FUNDACAO UNIVERSIDADE DE BRASILIA - FUB";"23 - Comércio e serviços";"695 - Turismo";"2223 - A HORA DO TURISMO";"4590 - QUALIFICACAO E CERTIFICACAO NO TURISMO";"00 - NAO ATRIBUIDO";"0000";"0002 - QUALIFICACAO E INCENTIVO A CERTIFICACAO DE PESSOA FISICA E JURIDICA DA CADEIA PRODUTIVA DO TURISMO";"3 - Outras Despesas Correntes";"33 - Passagens e Despesas com Locomoção";"90 - Reserva de Contingência";"79.500,00";"0,00";"0,00";"0,00";
"07/2020";"26000 - Ministério da Educação";"26271 - Fundação Universidade de Brasília";"154040 - FUNDACAO UNIVERSIDADE DE BRASILIA - FUB";"12 - Educação";"364 - Ensino superior";"5013 - EDUCACAO SUPERIOR - GRADUACAO, POS-GRADUACAO, ENSINO, PESQUI";"8282 - REESTRUTURACAO E MODERNIZACAO DAS INSTITUICOES FEDERAIS DE ENSINO SUPERIOR";"00 - NAO ATRIBUIDO";"4136 - IZALCI LUCAS";"0000 - REESTRUTURACAO E MODERNIZACAO DAS INSTITUICOES FEDERAIS DE ENSINO SUPERIOR";"4 - Investimentos";"52 - Equipamentos e Material Permanente";"90 - Reserva de Contingência";"0,00";"425.660,25";"277.291,00";"0,00";
"07/2020";"26000 - Ministério da Educação";"26271 - Fundação Universidade de Brasília";"154040 - FUNDACAO UNIVERSIDADE DE BRASILIA - FUB";"10 - Saúde";"128 - Formação de recursos humanos";"2115 - PROGRAMA DE GESTAO E MANUTENCAO DO MINISTERIO DA SAUDE";"4572 - CAPACITACAO DE SERVIDORES PUBLICOS FEDERAIS EM PROCESSO DE QUALIFICACAO E REQUALIFICACAO";"00 - NAO ATRIBUIDO";"0000";"0000 - CAPACITACAO DE SERVIDORES PUBLICOS FEDERAIS EM PROCESSO DE QUALIFICACAO E REQUALIFICACAO";"3 - Outras Despesas Correntes";"20 - Auxílio Financeiro a Pesquisadores";"90 - Reserva de Contingência";"0,00";"0,00";"0,00";"1.700,00";
"07/2020";"26000 - Ministério da Educação";"26271 - Fundação Universidade de Brasília";"154040 - FUNDACAO UNIVERSIDADE DE BRASILIA - FUB";"12 - Educação";"128 - Formação de recursos humanos";"2109 - PROGRAMA DE GESTAO E MANUTENCAO DO MINISTERIO DA EDUCACAO";"4572 - CAPACITACAO DE SERVIDORES PUBLICOS FEDERAIS EM PROCESSO DE QUALIFICACAO E REQUALIFICACAO";"00 - NAO ATRIBUIDO";"0000";"0000 - CAPACITACAO DE SERVIDORES PUBLICOS FEDERAIS EM PROCESSO DE QUALIFICACAO E REQUALIFICACAO";"3 - Outras Despesas Correntes";"36 - Outros Serviços de Terceiros - Pessoa Física";"90 - Reserva de Contingência";"0,00";"0,00";"0,00";"57.174,40";
"07/2020";"26000 - Ministério da Educação";"26271 - Fundação Universidade de Brasília";"154040 - FUNDACAO UNIVERSIDADE DE BRASILIA - FUB";"12 - Educação";"364 - Ensino superior";"5013 - EDUCACAO SUPERIOR - GRADUACAO, POS-GRADUACAO, ENSINO, PESQUI";"20RK - FUNCIONAMENTO DE INSTITUICOES FEDERAIS DE ENSINO SUPERIOR";"00 - NAO ATRIBUIDO";"0000";"0000 - FUNCIONAMENTO DE INSTITUICOES FEDERAIS DE ENSINO SUPERIOR - DESPESAS DIVERSAS";"4 - Investimentos";"52 - Equipamentos e Material Permanente";"90 - Reserva de Contingência";"210.954,02";"525.732,66";"160.075,01";"0,00";
"07/2020";"26000 - Ministério da Educação";"26271 - Fundação Universidade de Brasília";"154040 - FUNDACAO UNIVERSIDADE DE BRASILIA - FUB";"12 - Educação";"364 - Ensino superior";"2080 - EDUCACAO DE QUALIDADE PARA TODOS";"0487 - CONCESSAO DE BOLSAS DE ESTUDO NO ENSINO SUPERIOR";"00 - NAO ATRIBUIDO";"0000";"0002 - CONCESSAO DE BOLSAS DE ESTUDOS NO PAIS";"3 - Outras Despesas Correntes";"18 - Auxílio Financeiro a Estudantes";"90 - Reserva de Contingência";"0,00";"0,00";"0,00";"21.416,07";
"07/2020";"26000 - Ministério da Educação";"26271 - Fundação Universidade de Brasília";"154040 - FUNDACAO UNIVERSIDADE DE BRASILIA - FUB";"12 - Educação";"364 - Ensino superior";"5013 - EDUCACAO SUPERIOR - GRADUACAO, POS-GRADUACAO, ENSINO, PESQUI";"0487 - CONCESSAO DE BOLSAS DE ESTUDO NO ENSINO SUPERIOR";"00 - NAO ATRIBUIDO";"0000";"0002 - CONCESSAO DE BOLSAS DE ESTUDOS NO PAIS";"3 - Outras Despesas Correntes";"18 - Auxílio Financeiro a Estudantes";"90 - Reserva de Contingência";"475.889,13";"990,00";"594,00";"0,00";
"07/2020";"26000 - Ministério da Educação";"26271 - Fundação Universidade de Brasília";"154040 - FUNDACAO UNIVERSIDADE DE BRASILIA - FUB";"12 - Educação";"364 - Ensino superior";"5013 - EDUCACAO SUPERIOR - GRADUACAO, POS-GRADUACAO, ENSINO, PESQUI";"0487 - CONCESSAO DE BOLSAS DE ESTUDO NO ENSINO SUPERIOR";"00 - NAO ATRIBUIDO";"0000";"0002 - CONCESSAO DE BOLSAS DE ESTUDOS NO PAIS";"3 - Outras Despesas Correntes";"14 - Diárias - Civil";"90 - Reserva de Contingência";"280.000,00";"0,00";"0,00";"0,00";
"07/2020";"26000 - Ministério da Educação";"26271 - Fundação Universidade de Brasília";"154040 - FUNDACAO UNIVERSIDADE DE BRASILIA - FUB";"12 - Educação";"364 - Ensino superior";"5013 - EDUCACAO SUPERIOR - GRADUACAO, POS-GRADUACAO, ENSINO, PESQUI";"20GK - FOMENTO AS ACOES DE GRADUACAO, POS-GRADUACAO, ENSINO, PESQUISA E EXTENSAO";"00 - NAO ATRIBUIDO";"4053 - PAULA BELMONTE";"0000 - FOMENTO AS ACOES DE GRADUACAO, POS-GRADUACAO, ENSINO, PESQUISA E EXTENSAO";"4 - Investimentos";"52 - Equipamentos e Material Permanente";"90 - Reserva de Contingência";"0,00";"880,08";"0,00";"0,00";
"07/2020";"26000 - Ministério da Educação";"26271 - Fundação Universidade de Brasília";"154040 - FUNDACAO UNIVERSIDADE DE BRASILIA - FUB";"14 - Direitos da cidadania";"421 - Custódia e reintegração social";"2081 - JUSTICA, CIDADANIA E SEGURANCA PUBLICA";"20UH - CAPACITACAO E QUALIFICACAO EM SERVICOS PENAIS";"18 - CADEIAS PUBLICAS";"0000";"000A - ESTUDOS E PESQUISAS SOBRE POLITICA PENAL";"3 - Outras Despesas Correntes";"36 - Outros Serviços de Terceiros - Pessoa Física";"90 - Reserva de Contingência";"0,00";"0,00";"0,00";"4.800,00";
"07/2020";"26000 - Ministério da Educação";"26271 - Fundação Universidade de Brasília";"154040 - FUNDACAO UNIVERSIDADE DE BRASILIA - FUB";"12 - Educação";"364 - Ensino superior";"2080 - EDUCACAO DE QUALIDADE PARA TODOS";"20RK - FUNCIONAMENTO DE INSTITUICOES FEDERAIS DE ENSINO SUPERIOR";"00 - NAO ATRIBUIDO";"3755 - RONEY NEMER";"EIND - EMENDA INDIVIDUAL";"3 - Outras Despesas Correntes";"20 - Auxílio Financeiro a Pesquisadores";"90 - Reserva de Contingência";"0,00";"0,00";"0,00";"15.400,00";
"07/2020";"26000 - Ministério da Educação";"26271 - Fundação Universidade de Brasília";"154040 - FUNDACAO UNIVERSIDADE DE BRASILIA - FUB";"28 - Encargos especiais";"846 - Outros encargos especiais";"0910 - OPERACOES ESPECIAIS: GESTAO DA PARTICIPACAO EM ORGANISMOS E";"00PW - CONTRIBUICOES A ENTIDADES NACIONAIS SEM EXIGENCIA DE PROGRAMACAO ESPECIFICA";"00 - NAO ATRIBUIDO";"0000";"0010 - PAGAMENTO DE ANUIDADE A ASSOCIACAO NACIONAL DE POS-GRADUACAO E PESQUISA EM EDUCACAO (ANPED)";"3 - Outras Despesas Correntes";"41 - Contribuições";"50 - Transferências a Instituições Privadas sem Fins Lucrativos";"894,00";"893,76";"893,76";"0,00";
"07/2020";"26000 - Ministério da Educação";"26271 - Fundação Universidade de Brasília";"154040 - FUNDACAO UNIVERSIDADE DE BRASILIA - FUB";"12 - Educação";"364 - Ensino superior";"0032 - PROGRAMA DE GESTAO E MANUTENCAO DO PODER EXECUTIVO";"20TP - ATIVOS CIVIS DA UNIAO";"00 - NAO ATRIBUIDO";"0000";"0000 - ATIVOS CIVIS DA UNIAO";"1 - Pessoal e Encargos Sociais";"07 - Contribuição a Entidades Fechadas de Previdência";"90 - Reserva de Contingência";"356.875,18";"404.271,94";"399.908,26";"0,00";
"07/2020";"26000 - Ministério da Educação";"26271 - Fundação Universidade de Brasília";"154040 - FUNDACAO UNIVERSIDADE DE BRASILIA - FUB";"12 - Educação";"364 - Ensino superior";"5013 - EDUCACAO SUPERIOR - GRADUACAO, POS-GRADUACAO, ENSINO, PESQUI";"20RK - FUNCIONAMENTO DE INSTITUICOES FEDERAIS DE ENSINO SUPERIOR";"00 - NAO ATRIBUIDO";"0000";"0000 - FUNCIONAMENTO DE INSTITUICOES FEDERAIS DE ENSINO SUPERIOR - DESPESAS DIVERSAS";"3 - Outras Despesas Correntes";"39 - Outros Serviços de Terceiros - Pessoa Jurídica";"90 - Reserva de Contingência";"3.908.116,30";"596.129,63";"2.177.275,34";"0,00";
"07/2020";"26000 - Ministério da Educação";"26271 - Fundação Universidade de Brasília";"154040 - FUNDACAO UNIVERSIDADE DE BRASILIA - FUB";"12 - Educação";"364 - Ensino superior";"5013 - EDUCACAO SUPERIOR - GRADUACAO, POS-GRADUACAO, ENSINO, PESQUI";"8282 - REESTRUTURACAO E MODERNIZACAO DAS INSTITUICOES FEDERAIS DE ENSINO SUPERIOR";"00 - NAO ATRIBUIDO";"0000";"0000 - REESTRUTURACAO E MODERNIZACAO DAS INSTITUICOES FEDERAIS DE ENSINO SUPERIOR";"3 - Outras Despesas Correntes";"37 - Locação de Mão-de-Obra";"90 - Reserva de Contingência";"0,00";"1.260.247,73";"312.694,92";"0,00";
"07/2020";"26000 - Ministério da Educação";"26271 - Fundação Universidade de Brasília";"154040 - FUNDACAO UNIVERSIDADE DE BRASILIA - FUB";"06 - Segurança pública";"122 - Administração geral";"0032 - PROGRAMA DE GESTAO E MANUTENCAO DO PODER EXECUTIVO";"2000 - ADMINISTRACAO DA UNIDADE";"00 - NAO ATRIBUIDO";"0000";"0002 - CAPACITACAO E FORMACAO PROFISSIONAL";"3 - Outras Despesas Correntes";"36 - Outros Serviços de Terceiros - Pessoa Física";"90 - Reserva de Contingência";"0,00";"72.000,00";"67.200,00";"0,00";
"07/2020";"26000 - Ministério da Educação";"26271 - Fundação Universidade de Brasília";"154040 - FUNDACAO UNIVERSIDADE DE BRASILIA - FUB";"12 - Educação";"364 - Ensino superior";"5013 - EDUCACAO SUPERIOR - GRADUACAO, POS-GRADUACAO, ENSINO, PESQUI";"20RK - FUNCIONAMENTO DE INSTITUICOES FEDERAIS DE ENSINO SUPERIOR";"00 - NAO ATRIBUIDO";"0000";"0000 - FUNCIONAMENTO DE INSTITUICOES FEDERAIS DE ENSINO SUPERIOR - DESPESAS DIVERSAS";"4 - Investimentos";"92 - Despesas de Exercícios Anteriores";"90 - Reserva de Contingência";"62.209,30";"62.209,30";"0,00";"0,00";
"07/2020";"26000 - Ministério da Educação";"26271 - Fundação Universidade de Brasília";"154040 - FUNDACAO UNIVERSIDADE DE BRASILIA - FUB";"12 - Educação";"364 - Ensino superior";"5013 - EDUCACAO SUPERIOR - GRADUACAO, POS-GRADUACAO, ENSINO, PESQUI";"0487 - CONCESSAO DE BOLSAS DE ESTUDO NO ENSINO SUPERIOR";"00 - NAO ATRIBUIDO";"0000";"0002 - CONCESSAO DE BOLSAS DE ESTUDOS NO PAIS";"3 - Outras Despesas Correntes";"36 - Outros Serviços de Terceiros - Pessoa Física";"90 - Reserva de Contingência";"60.000,00";"0,00";"0,00";"0,00";
"07/2020";"26000 - Ministério da Educação";"26271 - Fundação Universidade de Brasília";"154040 - FUNDACAO UNIVERSIDADE DE BRASILIA - FUB";"12 - Educação";"364 - Ensino superior";"5013 - EDUCACAO SUPERIOR - GRADUACAO, POS-GRADUACAO, ENSINO, PESQUI";"20GK - FOMENTO AS ACOES DE GRADUACAO, POS-GRADUACAO, ENSINO, PESQUISA E EXTENSAO";"00 - NAO ATRIBUIDO";"1983 - MARIA DO ROSARIO";"0000 - FOMENTO AS ACOES DE GRADUACAO, POS-GRADUACAO, ENSINO, PESQUISA E EXTENSAO";"3 - Outras Despesas Correntes";"39 - Outros Serviços de Terceiros - Pessoa Jurídica";"90 - Reserva de Contingência";"0,00";"250.000,00";"0,00";"0,00";
"07/2020";"26000 - Ministério da Educação";"26271 - Fundação Universidade de Brasília";"154040 - FUNDACAO UNIVERSIDADE DE BRASILIA - FUB";"12 - Educação";"364 - Ensino superior";"2080 - EDUCACAO DE QUALIDADE PARA TODOS";"20RK - FUNCIONAMENTO DE INSTITUICOES FEDERAIS DE ENSINO SUPERIOR";"00 - NAO ATRIBUIDO";"0000";"0000 - FUNCIONAMENTO DE INSTITUICOES FEDERAIS DE ENSINO SUPERIOR - DESPESAS DIVERSAS";"3 - Outras Despesas Correntes";"39 - Outros Serviços de Terceiros - Pessoa Jurídica";"90 - Reserva de Contingência";"0,00";"0,00";"0,00";"1.871.713,95";
"07/2020";"26000 - Ministério da Educação";"26271 - Fundação Universidade de Brasília";"154040 - FUNDACAO UNIVERSIDADE DE BRASILIA - FUB";"28 - Encargos especiais";"846 - Outros encargos especiais";"0910 - OPERACOES ESPECIAIS: GESTAO DA PARTICIPACAO EM ORGANISMOS E";"00PW - CONTRIBUICOES A ENTIDADES NACIONAIS SEM EXIGENCIA DE PROGRAMACAO ESPECIFICA";"00 - NAO ATRIBUIDO";"0000";"0017 - PAGAMENTO DE ANUIDADE A ASSOCIACAO NACIONAL DE PROGRAMAS DE POS-GRADUACAO EM CIENCIAS CONTABEIS (ANPCONT)";"3 - Outras Despesas Correntes";"41 - Contribuições";"50 - Transferências a Instituições Privadas sem Fins Lucrativos";"0,00";"0,00";"4.000,00";"0,00";
"07/2020";"26000 - Ministério da Educação";"26271 - Fundação Universidade de Brasília";"154040 - FUNDACAO UNIVERSIDADE DE BRASILIA - FUB";"14 - Direitos da cidadania";"422 - Direitos individuais, coletivos e difusos";"2081 - JUSTICA, CIDADANIA E SEGURANCA PUBLICA";"6067 - DEFESA DE DIREITOS DIFUSOS";"00 - NAO ATRIBUIDO";"0000";"0003 - PROMOCAO E DEFESA DA CONCORRENCIA";"3 - Outras Despesas Correntes";"39 - Outros Serviços de Terceiros - Pessoa Jurídica";"90 - Reserva de Contingência";"0,00";"0,00";"0,00";"1.277.562,94";
"07/2020";"26000 - Ministério da Educação";"26271 - Fundação Universidade de Brasília";"154040 - FUNDACAO UNIVERSIDADE DE BRASILIA - FUB";"12 - Educação";"364 - Ensino superior";"5013 - EDUCACAO SUPERIOR - GRADUACAO, POS-GRADUACAO, ENSINO, PESQUI";"20RK - FUNCIONAMENTO DE INSTITUICOES FEDERAIS DE ENSINO SUPERIOR";"00 - NAO ATRIBUIDO";"0000";"0000 - FUNCIONAMENTO DE INSTITUICOES FEDERAIS DE ENSINO SUPERIOR - DESPESAS DIVERSAS";"3 - Outras Despesas Correntes";"18 - Auxílio Financeiro a Estudantes";"90 - Reserva de Contingência";"2.027.379,20";"2.028.348,00";"70.628,00";"0,00";
"07/2020";"26000 - Ministério da Educação";"26271 - Fundação Universidade de Brasília";"154040 - FUNDACAO UNIVERSIDADE DE BRASILIA - FUB";"18 - Gestão ambiental";"125 - Normatização e fiscalização";"2221 - RECURSOS HIDRICOS";"4926 - REGULACAO E FISCALIZACAO DOS USOS DE RECURSOS HIDRICOS, DOS SERVICOS DE IRRIGACAO E ADUCAO DE AGUA BRUTA E DA SEGURANCA DE BARRAGENS";"00 - NAO ATRIBUIDO";"0000";"0006 - REGULACAO DO PROJETO DE INTEGRACAO DO RIO SAO FRANCISCO - PISF";"3 - Outras Despesas Correntes";"20 - Auxílio Financeiro a Pesquisadores";"90 - Reserva de Contingência";"574.800,00";"0,00";"0,00";"0,00";
"07/2020";"26000 - Ministério da Educação";"26271 - Fundação Universidade de Brasília";"154040 - FUNDACAO UNIVERSIDADE DE BRASILIA - FUB";"12 - Educação";"364 - Ensino superior";"5013 - EDUCACAO SUPERIOR - GRADUACAO, POS-GRADUACAO, ENSINO, PESQUI";"8282 - REESTRUTURACAO E MODERNIZACAO DAS INSTITUICOES FEDERAIS DE ENSINO SUPERIOR";"00 - NAO ATRIBUIDO";"0000";"0000 - REESTRUTURACAO E MODERNIZACAO DAS INSTITUICOES FEDERAIS DE ENSINO SUPERIOR";"3 - Outras Despesas Correntes";"40 - Serviços de Tecnologia da Informação e Comunicação";"90 - Reserva de Contingência";"0,00";"1.760,25";"0,00";"0,00";
"07/2020";"26000 - Ministério da Educação";"26271 - Fundação Universidade de Brasília";"154040 - FUNDACAO UNIVERSIDADE DE BRASILIA - FUB";"12 - Educação";"364 - Ensino superior";"2080 - EDUCACAO DE QUALIDADE PARA TODOS";"8282 - REESTRUTURACAO E MODERNIZACAO DAS INSTITUICOES FEDERAIS DE ENSINO SUPERIOR";"00 - NAO ATRIBUIDO";"0000";"0000 - REESTRUTURACAO E EXPANSAO DE INSTITUICOES FEDERAIS DE ENSINO SUPERIOR - DESPESAS DIVERSAS";"3 - Outras Despesas Correntes";"39 - Outros Serviços de Terceiros - Pessoa Jurídica";"90 - Reserva de Contingência";"0,00";"0,00";"0,00";"60.563,00";
"07/2020";"26000 - Ministério da Educação";"26271 - Fundação Universidade de Brasília";"154040 - FUNDACAO UNIVERSIDADE DE BRASILIA - FUB";"12 - Educação";"331 - Proteção e benefícios ao trabalhador";"0032 - PROGRAMA DE GESTAO E MANUTENCAO DO PODER EXECUTIVO";"212B - BENEFICIOS OBRIGATORIOS AOS SERVIDORES CIVIS, EMPREGADOS, MILITARES E SEUS DEPENDENTES";"00 - NAO ATRIBUIDO";"0000";"0001 - ASSISTENCIA PRE-ESCOLAR AOS DEPENDENTES DE SERVIDORES CIVIS E DE EMPREGADOS";"3 - Outras Despesas Correntes";"08 - Outros Benefícios Assistenciais do servidor e do militar";"90 - Reserva de Contingência";"- 4.151,85";"250.938,90";"254.170,95";"0,00";
"07/2020";"26000 - Ministério da Educação";"26271 - Fundação Universidade de Brasília";"154040 - FUNDACAO UNIVERSIDADE DE BRASILIA - FUB";"02 - Judiciária";"122 - Administração geral";"0570 - GESTAO DO PROCESSO ELEITORAL";"20GP - JULGAMENTO DE CAUSAS E GESTAO ADMINISTRATIVA NA JUSTICA ELEITORAL";"00 - NAO ATRIBUIDO";"0000";"0001 - JULGAMENTO DE CAUSAS E GESTAO ADMINISTRATIVA";"3 - Outras Despesas Correntes";"39 - Outros Serviços de Terceiros - Pessoa Jurídica";"90 - Reserva de Contingência";"0,00";"0,00";"0,00";"170.143,84";
"07/2020";"26000 - Ministério da Educação";"26271 - Fundação Universidade de Brasília";"154040 - FUNDACAO UNIVERSIDADE DE BRASILIA - FUB";"19 - Ciência e Tecnologia";"572 - Desenvolvimento tecnológico e engenharia";"2208 - TECNOLOGIAS APLICADAS, INOVACAO E DESENVOLVIMENTO SUSTENTAVE";"20V6 - FOMENTO A PESQUISA E DESENVOLVIMENTO VOLTADOS A INOVACAO E AO PROCESSO PRODUTIVO";"00 - NAO ATRIBUIDO";"0000";"CV19 - CORONAVIRUS (COVID-19)";"3 - Outras Despesas Correntes";"39 - Outros Serviços de Terceiros - Pessoa Jurídica";"90 - Reserva de Contingência";"50.000,00";"0,00";"0,00";"0,00";
"07/2020";"26000 - Ministério da Educação";"26271 - Fundação Universidade de Brasília";"154040 - FUNDACAO UNIVERSIDADE DE BRASILIA - FUB";"12 - Educação";"364 - Ensino superior";"5013 - EDUCACAO SUPERIOR - GRADUACAO, POS-GRADUACAO, ENSINO, PESQUI";"20RK - FUNCIONAMENTO DE INSTITUICOES FEDERAIS DE ENSINO SUPERIOR";"00 - NAO ATRIBUIDO";"0000";"0000 - FUNCIONAMENTO DE INSTITUICOES FEDERAIS DE ENSINO SUPERIOR - DESPESAS DIVERSAS";"3 - Outras Despesas Correntes";"14 - Diárias - Civil";"90 - Reserva de Contingência";"- 37.759,04";"0,00";"0,00";"0,00";
"07/2020";"26000 - Ministério da Educação";"26271 - Fundação Universidade de Brasília";"154040 - FUNDACAO UNIVERSIDADE DE BRASILIA - FUB";"12 - Educação";"364 - Ensino superior";"2080 - EDUCACAO DE QUALIDADE PARA TODOS";"20RK - FUNCIONAMENTO DE INSTITUICOES FEDERAIS DE ENSINO SUPERIOR";"00 - NAO ATRIBUIDO";"0000";"0000 - FUNCIONAMENTO DE INSTITUICOES FEDERAIS DE ENSINO SUPERIOR - DESPESAS DIVERSAS";"3 - Outras Despesas Correntes";"33 - Passagens e Despesas com Locomoção";"90 - Reserva de Contingência";"0,00";"0,00";"0,00";"512,24";
"07/2020";"26000 - Ministério da Educação";"26271 - Fundação Universidade de Brasília";"154040 - FUNDACAO UNIVERSIDADE DE BRASILIA - FUB";"06 - Segurança pública";"122 - Administração geral";"0032 - PROGRAMA DE GESTAO E MANUTENCAO DO PODER EXECUTIVO";"2000 - ADMINISTRACAO DA UNIDADE";"00 - NAO ATRIBUIDO";"0000";"0003 - ESTUDOS E PESQUISAS SOBRE A TEMATICA PRISIONAL";"3 - Outras Despesas Correntes";"36 - Outros Serviços de Terceiros - Pessoa Física";"90 - Reserva de Contingência";"75.504,38";"0,00";"0,00";"0,00";
"07/2020";"26000 - Ministério da Educação";"26271 - Fundação Universidade de Brasília";"154040 - FUNDACAO UNIVERSIDADE DE BRASILIA - FUB";"02 - Judiciária";"061 - Ação judiciária";"0033 - PROGRAMA DE GESTAO E MANUTENCAO DO PODER JUDICIARIO";"4236 - APRECIACAO E JULGAMENTO DE CAUSAS";"00 - NAO ATRIBUIDO";"0000";"0002 - CAPACITACAO DE SERVIDORES";"3 - Outras Despesas Correntes";"39 - Outros Serviços de Terceiros - Pessoa Jurídica";"90 - Reserva de Contingência";"391.157,67";"339.244,48";"339.244,48";"0,00";
"07/2020";"26000 - Ministério da Educação";"26271 - Fundação Universidade de Brasília";"154040 - FUNDACAO UNIVERSIDADE DE BRASILIA - FUB";"12 - Educação";"364 - Ensino superior";"2080 - EDUCACAO DE QUALIDADE PARA TODOS";"20GK - FOMENTO AS ACOES DE GRADUACAO, POS-GRADUACAO, ENSINO, PESQUISA E EXTENSAO";"00 - NAO ATRIBUIDO";"0000";"0000 - FOMENTO AS ACOES DE GRADUACAO, POS-GRADUACAO, ENSINO, PESQUISA E EXTENSAO - DESPESAS DIVERSAS";"3 - Outras Despesas Correntes";"18 - Auxílio Financeiro a Estudantes";"90 - Reserva de Contingência";"0,00";"0,00";"0,00";"51.000,00";
"07/2020";"26000 - Ministério da Educação";"26271 - Fundação Universidade de Brasília";"154040 - FUNDACAO UNIVERSIDADE DE BRASILIA - FUB";"12 - Educação";"364 - Ensino superior";"0032 - PROGRAMA DE GESTAO E MANUTENCAO DO PODER EXECUTIVO";"20TP - ATIVOS CIVIS DA UNIAO";"00 - NAO ATRIBUIDO";"0000";"RO00 - ATIVOS CIVIS DA UNIAO - REGRA DE OURO";"1 - Pessoal e Encargos Sociais";"11 - Vencimentos e Vantagens Fixas - Pessoal Civil";"90 - Reserva de Contingência";"44.396.719,20";"44.381.718,52";"28.200.040,80";"0,00";
"07/2020";"26000 - Ministério da Educação";"26271 - Fundação Universidade de Brasília";"154040 - FUNDACAO UNIVERSIDADE DE BRASILIA - FUB";"12 - Educação";"364 - Ensino superior";"5013 - EDUCACAO SUPERIOR - GRADUACAO, POS-GRADUACAO, ENSINO, PESQUI";"20RK - FUNCIONAMENTO DE INSTITUICOES FEDERAIS DE ENSINO SUPERIOR";"00 - NAO ATRIBUIDO";"0000";"0000 - FUNCIONAMENTO DE INSTITUICOES FEDERAIS DE ENSINO SUPERIOR - DESPESAS DIVERSAS";"3 - Outras Despesas Correntes";"92 - Despesas de Exercícios Anteriores";"90 - Reserva de Contingência";"76.813,50";"79.553,04";"1.949,54";"0,00";
"07/2020";"26000 - Ministério da Educação";"26271 - Fundação Universidade de Brasília";"154040 - FUNDACAO UNIVERSIDADE DE BRASILIA - FUB";"12 - Educação";"364 - Ensino superior";"5013 - EDUCACAO SUPERIOR - GRADUACAO, POS-GRADUACAO, ENSINO, PESQUI";"20RK - FUNCIONAMENTO DE INSTITUICOES FEDERAIS DE ENSINO SUPERIOR";"00 - NAO ATRIBUIDO";"0000";"RO01 - REGRA DE OURO";"3 - Outras Despesas Correntes";"39 - Outros Serviços de Terceiros - Pessoa Jurídica";"90 - Reserva de Contingência";"138.293,16";"20.820,10";"0,00";"0,00";
"07/2020";"26000 - Ministério da Educação";"26271 - Fundação Universidade de Brasília";"154040 - FUNDACAO UNIVERSIDADE DE BRASILIA - FUB";"12 - Educação";"364 - Ensino superior";"0032 - PROGRAMA DE GESTAO E MANUTENCAO DO PODER EXECUTIVO";"20TP - ATIVOS CIVIS DA UNIAO";"00 - NAO ATRIBUIDO";"0000";"0000 - ATIVOS CIVIS DA UNIAO";"1 - Pessoal e Encargos Sociais";"16 - Outras Despesas Variáveis - Pessoal Civil";"90 - Reserva de Contingência";"13.280,37";"29.028,58";"34.876,52";"0,00";
"07/2020";"26000 - Ministério da Educação";"26271 - Fundação Universidade de Brasília";"154040 - FUNDACAO UNIVERSIDADE DE BRASILIA - FUB";"09 - Previdência social";"272 - Previdência do regime estatutário";"0032 - PROGRAMA DE GESTAO E MANUTENCAO DO PODER EXECUTIVO";"0181 - APOSENTADORIAS E PENSOES CIVIS DA UNIAO";"00 - NAO ATRIBUIDO";"0000";"0000 - APOSENTADORIAS E PENSOES CIVIS DA UNIAO";"1 - Pessoal e Encargos Sociais";"03 - Pensões do RPPS e do militar";"90 - Reserva de Contingência";"0,00";"4.776.492,25";"7.355.983,82";"0,00";
"07/2020";"26000 - Ministério da Educação";"26271 - Fundação Universidade de Brasília";"154040 - FUNDACAO UNIVERSIDADE DE BRASILIA - FUB";"12 - Educação";"364 - Ensino superior";"5013 - EDUCACAO SUPERIOR - GRADUACAO, POS-GRADUACAO, ENSINO, PESQUI";"20RK - FUNCIONAMENTO DE INSTITUICOES FEDERAIS DE ENSINO SUPERIOR";"00 - NAO ATRIBUIDO";"0000";"RO01 - REGRA DE OURO";"3 - Outras Despesas Correntes";"30 - Material de Consumo";"90 - Reserva de Contingência";"62.010,60";"0,00";"0,00";"0,00";
"07/2020";"26000 - Ministério da Educação";"26271 - Fundação Universidade de Brasília";"154040 - FUNDACAO UNIVERSIDADE DE BRASILIA - FUB";"09 - Previdência social";"272 - Previdência do regime estatutário";"0032 - PROGRAMA DE GESTAO E MANUTENCAO DO PODER EXECUTIVO";"0181 - APOSENTADORIAS E PENSOES CIVIS DA UNIAO";"00 - NAO ATRIBUIDO";"0000";"0000 - APOSENTADORIAS E PENSOES CIVIS DA UNIAO";"1 - Pessoal e Encargos Sociais";"92 - Despesas de Exercícios Anteriores";"90 - Reserva de Contingência";"0,00";"1.805,46";"0,00";"0,00";
"07/2020";"26000 - Ministério da Educação";"26271 - Fundação Universidade de Brasília";"154040 - FUNDACAO UNIVERSIDADE DE BRASILIA - FUB";"23 - Comércio e serviços";"695 - Turismo";"2223 - A HORA DO TURISMO";"4590 - QUALIFICACAO E CERTIFICACAO NO TURISMO";"00 - NAO ATRIBUIDO";"0000";"0002 - QUALIFICACAO E INCENTIVO A CERTIFICACAO DE PESSOA FISICA E JURIDICA DA CADEIA PRODUTIVA DO TURISMO";"3 - Outras Despesas Correntes";"14 - Diárias - Civil";"90 - Reserva de Contingência";"34.100,00";"0,00";"0,00";"0,00";
"07/2020";"26000 - Ministério da Educação";"26271 - Fundação Universidade de Brasília";"154040 - FUNDACAO UNIVERSIDADE DE BRASILIA - FUB";"12 - Educação";"364 - Ensino superior";"5013 - EDUCACAO SUPERIOR - GRADUACAO, POS-GRADUACAO, ENSINO, PESQUI";"20RK - FUNCIONAMENTO DE INSTITUICOES FEDERAIS DE ENSINO SUPERIOR";"00 - NAO ATRIBUIDO";"0000";"0002 - FUNCIONAMENTO DOS HOSPITAIS VETERINARIOS";"3 - Outras Despesas Correntes";"18 - Auxílio Financeiro a Estudantes";"90 - Reserva de Contingência";"17.450,61";"0,00";"0,00";"0,00";
"07/2020";"26000 - Ministério da Educação";"26271 - Fundação Universidade de Brasília";"154040 - FUNDACAO UNIVERSIDADE DE BRASILIA - FUB";"06 - Segurança pública";"122 - Administração geral";"0032 - PROGRAMA DE GESTAO E MANUTENCAO DO PODER EXECUTIVO";"2000 - ADMINISTRACAO DA UNIDADE";"00 - NAO ATRIBUIDO";"0000";"0003 - ESTUDOS E PESQUISAS SOBRE A TEMATICA PRISIONAL";"3 - Outras Despesas Correntes";"39 - Outros Serviços de Terceiros - Pessoa Jurídica";"90 - Reserva de Contingência";"25.909,77";"54.146,19";"54.146,19";"0,00";
"07/2020";"26000 - Ministério da Educação";"26271 - Fundação Universidade de Brasília";"154040 - FUNDACAO UNIVERSIDADE DE BRASILIA - FUB";"12 - Educação";"364 - Ensino superior";"5013 - EDUCACAO SUPERIOR - GRADUACAO, POS-GRADUACAO, ENSINO, PESQUI";"0487 - CONCESSAO DE BOLSAS DE ESTUDO NO ENSINO SUPERIOR";"00 - NAO ATRIBUIDO";"0000";"0002 - CONCESSAO DE BOLSAS DE ESTUDOS NO PAIS";"3 - Outras Despesas Correntes";"39 - Outros Serviços de Terceiros - Pessoa Jurídica";"90 - Reserva de Contingência";"5.978,20";"0,00";"0,00";"0,00";
"07/2020";"26000 - Ministério da Educação";"26271 - Fundação Universidade de Brasília";"154040 - FUNDACAO UNIVERSIDADE DE BRASILIA - FUB";"05 - Defesa nacional";"153 - Defesa terrestre";"6012 - DEFESA NACIONAL";"14T4 - IMPLANTACAO DO PROJETO GUARANI";"00 - NAO ATRIBUIDO";"0000";"0000 - IMPLANTACAO DO PROJETO GUARANI";"3 - Outras Despesas Correntes";"36 - Outros Serviços de Terceiros - Pessoa Física";"90 - Reserva de Contingência";"0,00";"46.156,80";"46.156,80";"0,00";
"07/2020";"26000 - Ministério da Educação";"26271 - Fundação Universidade de Brasília";"154040 - FUNDACAO UNIVERSIDADE DE BRASILIA - FUB";"12 - Educação";"301 - Atenção básica";"0032 - PROGRAMA DE GESTAO E MANUTENCAO DO PODER EXECUTIVO";"2004 - ASSISTENCIA MEDICA E ODONTOLOGICA AOS SERVIDORES CIVIS, EMPREGADOS, MILITARES E SEUS DEPENDENTES";"00 - NAO ATRIBUIDO";"0000";"0001 - ASSISTENCIA MEDICA E ODONTOLOGICA DE CIVIS - COMPLEMENTACAO DA UNIAO";"3 - Outras Despesas Correntes";"93 - Indenizações e Restituições";"90 - Reserva de Contingência";"- 8.662,60";"854.661,20";"824.330,19";"0,00";
"07/2020";"26000 - Ministério da Educação";"26271 - Fundação Universidade de Brasília";"154040 - FUNDACAO UNIVERSIDADE DE BRASILIA - FUB";"14 - Direitos da cidadania";"422 - Direitos individuais, coletivos e difusos";"5015 - JUSTICA";"20I7 - POLITICA NACIONAL DE JUSTICA";"00 - NAO ATRIBUIDO";"0000";"0009 - PROMOCAO DE ACOES PARA IMIGRACAO LABORAL";"3 - Outras Despesas Correntes";"20 - Auxílio Financeiro a Pesquisadores";"90 - Reserva de Contingência";"336.553,90";"57.803,47";"0,00";"0,00";
"07/2020";"26000 - Ministério da Educação";"26271 - Fundação Universidade de Brasília";"154040 - FUNDACAO UNIVERSIDADE DE BRASILIA - FUB";"12 - Educação";"364 - Ensino superior";"5013 - EDUCACAO SUPERIOR - GRADUACAO, POS-GRADUACAO, ENSINO, PESQUI";"20RK - FUNCIONAMENTO DE INSTITUICOES FEDERAIS DE ENSINO SUPERIOR";"00 - NAO ATRIBUIDO";"0000";"RO01 - REGRA DE OURO";"3 - Outras Despesas Correntes";"92 - Despesas de Exercícios Anteriores";"90 - Reserva de Contingência";"22.875,47";"0,00";"0,00";"0,00";
"07/2020";"26000 - Ministério da Educação";"26271 - Fundação Universidade de Brasília";"154040 - FUNDACAO UNIVERSIDADE DE BRASILIA - FUB";"12 - Educação";"364 - Ensino superior";"2080 - EDUCACAO DE QUALIDADE PARA TODOS";"20RK - FUNCIONAMENTO DE INSTITUICOES FEDERAIS DE ENSINO SUPERIOR";"00 - NAO ATRIBUIDO";"0000";"0000 - FUNCIONAMENTO DE INSTITUICOES FEDERAIS DE ENSINO SUPERIOR - DESPESAS DIVERSAS";"3 - Outras Despesas Correntes";"20 - Auxílio Financeiro a Pesquisadores";"90 - Reserva de Contingência";"0,00";"0,00";"0,00";"24.500,00";
"07/2020";"26000 - Ministério da Educação";"26271 - Fundação Universidade de Brasília";"154040 - FUNDACAO UNIVERSIDADE DE BRASILIA - FUB";"12 - Educação";"122 - Administração geral";"5013 - EDUCACAO SUPERIOR - GRADUACAO, POS-GRADUACAO, ENSINO, PESQUI";"21C0 - ENFRENTAMENTO DA EMERGENCIA DE SAUDE PUBLICA DE IMPORTANCIA INTERNACIONAL DECORRENTE DO CORONAVIRUS";"00 - NAO ATRIBUIDO";"0000";"CV20 - MEDIDA PROVISORIA N. 942 DE 2/4/20, PARA ACOES NO AMBITO DAS INSTITUICOES FEDERAIS DE ENSINO SUPERIOR";"3 - Outras Despesas Correntes";"39 - Outros Serviços de Terceiros - Pessoa Jurídica";"90 - Reserva de Contingência";"986.435,15";"0,00";"0,00";"0,00";
"07/2020";"26000 - Ministério da Educação";"26271 - Fundação Universidade de Brasília";"154040 - FUNDACAO UNIVERSIDADE DE BRASILIA - FUB";"12 - Educação";"331 - Proteção e benefícios ao trabalhador";"0032 - PROGRAMA DE GESTAO E MANUTENCAO DO PODER EXECUTIVO";"212B - BENEFICIOS OBRIGATORIOS AOS SERVIDORES CIVIS, EMPREGADOS, MILITARES E SEUS DEPENDENTES";"00 - NAO ATRIBUIDO";"0000";"0009 - AUXILIO-FUNERAL E NATALIDADE DE CIVIS";"3 - Outras Despesas Correntes";"08 - Outros Benefícios Assistenciais do servidor e do militar";"90 - Reserva de Contingência";"0,00";"107.323,82";"103.661,07";"0,00";
"07/2020";"26000 - Ministério da Educação";"26271 - Fundação Universidade de Brasília";"154040 - FUNDACAO UNIVERSIDADE DE BRASILIA - FUB";"12 - Educação";"364 - Ensino superior";"2080 - EDUCACAO DE QUALIDADE PARA TODOS";"20RK - FUNCIONAMENTO DE INSTITUICOES FEDERAIS DE ENSINO SUPERIOR";"00 - NAO ATRIBUIDO";"0000";"0000 - FUNCIONAMENTO DE INSTITUICOES FEDERAIS DE ENSINO SUPERIOR - DESPESAS DIVERSAS";"4 - Investimentos";"52 - Equipamentos e Material Permanente";"90 - Reserva de Contingência";"0,00";"0,00";"0,00";"384.033,76";
"07/2020";"26000 - Ministério da Educação";"26271 - Fundação Universidade de Brasília";"154040 - FUNDACAO UNIVERSIDADE DE BRASILIA - FUB";"04 - Administração";"126 - Tecnologia da informação";"2201 - BRASIL MODERNIZA";"15OP - ESTRUTURACAO DO GOVERNO DIGITAL";"00 - NAO ATRIBUIDO";"0000";"000A - SIMPLIFICACAO E MELHORIA DE SERVICOS PUBLICOS";"3 - Outras Despesas Correntes";"39 - Outros Serviços de Terceiros - Pessoa Jurídica";"90 - Reserva de Contingência";"0,00";"51.416,70";"0,00";"0,00";
"07/2020";"26000 - Ministério da Educação";"26271 - Fundação Universidade de Brasília";"154040 - FUNDACAO UNIVERSIDADE DE BRASILIA - FUB";"12 - Educação";"364 - Ensino superior";"5013 - EDUCACAO SUPERIOR - GRADUACAO, POS-GRADUACAO, ENSINO, PESQUI";"20RK - FUNCIONAMENTO DE INSTITUICOES FEDERAIS DE ENSINO SUPERIOR";"00 - NAO ATRIBUIDO";"0000";"0000 - FUNCIONAMENTO DE INSTITUICOES FEDERAIS DE ENSINO SUPERIOR - DESPESAS DIVERSAS";"3 - Outras Despesas Correntes";"33 - Passagens e Despesas com Locomoção";"90 - Reserva de Contingência";"- 35.867,51";"0,00";"47.975,20";"0,00";
"07/2020";"26000 - Ministério da Educação";"26271 - Fundação Universidade de Brasília";"154040 - FUNDACAO UNIVERSIDADE DE BRASILIA - FUB";"12 - Educação";"364 - Ensino superior";"2080 - EDUCACAO DE QUALIDADE PARA TODOS";"20RK - FUNCIONAMENTO DE INSTITUICOES FEDERAIS DE ENSINO SUPERIOR";"00 - NAO ATRIBUIDO";"0000";"0000 - FUNCIONAMENTO DE INSTITUICOES FEDERAIS DE ENSINO SUPERIOR - DESPESAS DIVERSAS";"3 - Outras Despesas Correntes";"47 - Obrigações Tributárias e Contributivas";"90 - Reserva de Contingência";"0,00";"0,00";"0,00";"5.249,79";
"07/2020";"26000 - Ministério da Educação";"26271 - Fundação Universidade de Brasília";"154040 - FUNDACAO UNIVERSIDADE DE BRASILIA - FUB";"12 - Educação";"364 - Ensino superior";"2080 - EDUCACAO DE QUALIDADE PARA TODOS";"20GK - FOMENTO AS ACOES DE GRADUACAO, POS-GRADUACAO, ENSINO, PESQUISA E EXTENSAO";"00 - NAO ATRIBUIDO";"2478 - JO MORAES";"EIND - EMENDA INDIVIDUAL";"3 - Outras Despesas Correntes";"30 - Material de Consumo";"90 - Reserva de Contingência";"0,00";"0,00";"0,00";"13.455,00";
"07/2020";"26000 - Ministério da Educação";"26271 - Fundação Universidade de Brasília";"154040 - FUNDACAO UNIVERSIDADE DE BRASILIA - FUB";"28 - Encargos especiais";"846 - Outros encargos especiais";"0909 - OPERACOES ESPECIAIS: OUTROS ENCARGOS ESPECIAIS";"0536 - BENEFICIOS E PENSOES INDENIZATORIAS DECORRENTES DE LEGISLACAO ESPECIAL E/OU DECISOES JUDICIAIS";"00 - NAO ATRIBUIDO";"0000";"0001 - DESPESAS COM BENEFICIOS E PENSOES INDENIZATORIAS DECORRENTES DE LEGISLACAO ESPECIAL E/OU DECISOES JUDICIAIS";"3 - Outras Despesas Correntes";"59 - Pensões Especiais";"90 - Reserva de Contingência";"348,32";"348,32";"348,32";"0,00";
"07/2020";"26000 - Ministério da Educação";"26271 - Fundação Universidade de Brasília";"154040 - FUNDACAO UNIVERSIDADE DE BRASILIA - FUB";"12 - Educação";"364 - Ensino superior";"5013 - EDUCACAO SUPERIOR - GRADUACAO, POS-GRADUACAO, ENSINO, PESQUI";"20RK - FUNCIONAMENTO DE INSTITUICOES FEDERAIS DE ENSINO SUPERIOR";"00 - NAO ATRIBUIDO";"0000";"RO01 - REGRA DE OURO";"3 - Outras Despesas Correntes";"20 - Auxílio Financeiro a Pesquisadores";"90 - Reserva de Contingência";"209.833,00";"0,00";"0,00";"0,00";
"07/2020";"26000 - Ministério da Educação";"26271 - Fundação Universidade de Brasília";"154040 - FUNDACAO UNIVERSIDADE DE BRASILIA - FUB";"12 - Educação";"364 - Ensino superior";"5013 - EDUCACAO SUPERIOR - GRADUACAO, POS-GRADUACAO, ENSINO, PESQUI";"0487 - CONCESSAO DE BOLSAS DE ESTUDO NO ENSINO SUPERIOR";"00 - NAO ATRIBUIDO";"0000";"0002 - CONCESSAO DE BOLSAS DE ESTUDOS NO PAIS";"3 - Outras Despesas Correntes";"33 - Passagens e Despesas com Locomoção";"90 - Reserva de Contingência";"360.000,00";"0,00";"0,00";"0,00";
"07/2020";"26000 - Ministério da Educação";"26271 - Fundação Universidade de Brasília";"154040 - FUNDACAO UNIVERSIDADE DE BRASILIA - FUB";"12 - Educação";"122 - Administração geral";"5013 - EDUCACAO SUPERIOR - GRADUACAO, POS-GRADUACAO, ENSINO, PESQUI";"21C0 - ENFRENTAMENTO DA EMERGENCIA DE SAUDE PUBLICA DE IMPORTANCIA INTERNACIONAL DECORRENTE DO CORONAVIRUS";"00 - NAO ATRIBUIDO";"0000";"CV20 - MEDIDA PROVISORIA N. 942 DE 2/4/20, PARA ACOES NO AMBITO DAS INSTITUICOES FEDERAIS DE ENSINO SUPERIOR";"4 - Investimentos";"39 - Outros Serviços de Terceiros - Pessoa Jurídica";"90 - Reserva de Contingência";"1.988.876,31";"0,00";"0,00";"0,00";
"07/2020";"26000 - Ministério da Educação";"26271 - Fundação Universidade de Brasília";"154040 - FUNDACAO UNIVERSIDADE DE BRASILIA - FUB";"12 - Educação";"364 - Ensino superior";"2080 - EDUCACAO DE QUALIDADE PARA TODOS";"8282 - REESTRUTURACAO E MODERNIZACAO DAS INSTITUICOES FEDERAIS DE ENSINO SUPERIOR";"00 - NAO ATRIBUIDO";"0000";"0000 - REESTRUTURACAO E EXPANSAO DE INSTITUICOES FEDERAIS DE ENSINO SUPERIOR - DESPESAS DIVERSAS";"3 - Outras Despesas Correntes";"37 - Locação de Mão-de-Obra";"90 - Reserva de Contingência";"0,00";"0,00";"0,00";"214.519,63";
"07/2020";"26000 - Ministério da Educação";"26271 - Fundação Universidade de Brasília";"154040 - FUNDACAO UNIVERSIDADE DE BRASILIA - FUB";"12 - Educação";"364 - Ensino superior";"5013 - EDUCACAO SUPERIOR - GRADUACAO, POS-GRADUACAO, ENSINO, PESQUI";"20GK - FOMENTO AS ACOES DE GRADUACAO, POS-GRADUACAO, ENSINO, PESQUISA E EXTENSAO";"00 - NAO ATRIBUIDO";"3611 - LUIZA ERUNDINA";"0000 - FOMENTO AS ACOES DE GRADUACAO, POS-GRADUACAO, ENSINO, PESQUISA E EXTENSAO";"3 - Outras Despesas Correntes";"20 - Auxílio Financeiro a Pesquisadores";"90 - Reserva de Contingência";"0,00";"11.000,00";"25.000,00";"0,00";
"07/2020";"26000 - Ministério da Educação";"26271 - Fundação Universidade de Brasília";"154040 - FUNDACAO UNIVERSIDADE DE BRASILIA - FUB";"12 - Educação";"301 - Atenção básica";"0032 - PROGRAMA DE GESTAO E MANUTENCAO DO PODER EXECUTIVO";"2004 - ASSISTENCIA MEDICA E ODONTOLOGICA AOS SERVIDORES CIVIS, EMPREGADOS, MILITARES E SEUS DEPENDENTES";"00 - NAO ATRIBUIDO";"0000";"0001 - ASSISTENCIA MEDICA E ODONTOLOGICA DE CIVIS - COMPLEMENTACAO DA UNIAO";"3 - Outras Despesas Correntes";"92 - Despesas de Exercícios Anteriores";"90 - Reserva de Contingência";"8.662,60";"8.662,60";"0,00";"0,00";
"07/2020";"26000 - Ministério da Educação";"26271 - Fundação Universidade de Brasília";"154040 - FUNDACAO UNIVERSIDADE DE BRASILIA - FUB";"19 - Ciência e Tecnologia";"573 - Difusão do conhecimento científico e tecnológico";"2021 - CIENCIA, TECNOLOGIA E INOVACAO";"6702 - APOIO A PROJETOS E EVENTOS DE EDUCACAO, DIVULGACAO E POPULARIZACAO DA PESQUISA E DESENVOLVIMENTO";"00 - NAO ATRIBUIDO";"2826 - ERIKA KOKAY";"EIND - EMENDA INDIVIDUAL";"3 - Outras Despesas Correntes";"18 - Auxílio Financeiro a Estudantes";"90 - Reserva de Contingência";"0,00";"0,00";"0,00";"4.500,00";
"07/2020";"26000 - Ministério da Educação";"26271 - Fundação Universidade de Brasília";"154040 - FUNDACAO UNIVERSIDADE DE BRASILIA - FUB";"12 - Educação";"364 - Ensino superior";"5013 - EDUCACAO SUPERIOR - GRADUACAO, POS-GRADUACAO, ENSINO, PESQUI";"4002 - ASSISTENCIA AO ESTUDANTE DE ENSINO SUPERIOR";"00 - NAO ATRIBUIDO";"0000";"RO01 - REGRA DE OURO";"3 - Outras Despesas Correntes";"18 - Auxílio Financeiro a Estudantes";"90 - Reserva de Contingência";"16.275,00";"16.275,00";"0,00";"0,00";
"07/2020";"26000 - Ministério da Educação";"26271 - Fundação Universidade de Brasília";"154040 - FUNDACAO UNIVERSIDADE DE BRASILIA - FUB";"12 - Educação";"364 - Ensino superior";"5013 - EDUCACAO SUPERIOR - GRADUACAO, POS-GRADUACAO, ENSINO, PESQUI";"20RK - FUNCIONAMENTO DE INSTITUICOES FEDERAIS DE ENSINO SUPERIOR";"00 - NAO ATRIBUIDO";"0000";"0000 - FUNCIONAMENTO DE INSTITUICOES FEDERAIS DE ENSINO SUPERIOR - DESPESAS DIVERSAS";"3 - Outras Despesas Correntes";"40 - Serviços de Tecnologia da Informação e Comunicação";"90 - Reserva de Contingência";"1.294.462,72";"6.408,60";"6.408,60";"0,00";
"07/2020";"26000 - Ministério da Educação";"26271 - Fundação Universidade de Brasília";"154040 - FUNDACAO UNIVERSIDADE DE BRASILIA - FUB";"12 - Educação";"364 - Ensino superior";"5013 - EDUCACAO SUPERIOR - GRADUACAO, POS-GRADUACAO, ENSINO, PESQUI";"20RK - FUNCIONAMENTO DE INSTITUICOES FEDERAIS DE ENSINO SUPERIOR";"00 - NAO ATRIBUIDO";"0000";"0000 - FUNCIONAMENTO DE INSTITUICOES FEDERAIS DE ENSINO SUPERIOR - DESPESAS DIVERSAS";"3 - Outras Despesas Correntes";"93 - Indenizações e Restituições";"90 - Reserva de Contingência";"0,00";"6.342,63";"32.816,09";"0,00";
